INSERT INTO province (id,version,name) VALUES (31,1,'{"texts":[{"la":"eu","text":"Barcelona"},{"la":"es","text":"Barcelona"},{"la":"ca","text":"Barcelona"}]}');
INSERT INTO province (id,version,name) VALUES (32,1,'{"texts":[{"la":"eu","text":"Girona"},{"la":"es","text":"Girona"},{"la":"ca","text":"Girona"}]}');
INSERT INTO province (id,version,name) VALUES (33,1,'{"texts":[{"la":"eu","text":"Lleida"},{"la":"es","text":"Lleida"},{"la":"ca","text":"Lleida"}]}');
INSERT INTO province (id,version,name) VALUES (34,1,'{"texts":[{"la":"eu","text":"Tarragona"},{"la":"es","text":"Tarragona"},{"la":"ca","text":"Tarragona"}]}');

INSERT INTO region (id,version,province_id,name) VALUES 
(1,3,34,'{"texts":[{"la":"eu","text":"Alt Penedès"},{"la":"ca","text":"Alt Penedès"},{"la":"es","text":"Alt Penedès"}]}')
,(2,2,31,'{"texts":[{"la":"eu","text":"Anoia"},{"la":"ca","text":"Anoia"},{"la":"es","text":"Anoia"}]}')
,(3,2,31,'{"texts":[{"la":"eu","text":"Bages"},{"la":"ca","text":"Bages"},{"la":"es","text":"Bages"}]}')
,(4,2,31,'{"texts":[{"la":"eu","text":"Baix Llobregat"},{"la":"ca","text":"Baix Llobregat"},{"la":"es","text":"Baix Llobregat"}]}')
,(5,2,31,'{"texts":[{"la":"eu","text":"Barcelonès "},{"la":"ca","text":"Barcelonès "},{"la":"es","text":"Barcelonès "}]}')
,(6,2,31,'{"texts":[{"la":"eu","text":"Berguedà "},{"la":"ca","text":"Berguedà "},{"la":"es","text":"Berguedà "}]}')
,(7,2,31,'{"texts":[{"la":"eu","text":"Garraf "},{"la":"ca","text":"Garraf "},{"la":"es","text":"Garraf "}]}')
,(8,2,31,'{"texts":[{"la":"eu","text":"Maresme"},{"la":"ca","text":"Maresme"},{"la":"es","text":"Maresme"}]}')
,(9,2,31,'{"texts":[{"la":"eu","text":"Osona "},{"la":"ca","text":"Osona "},{"la":"es","text":"Osona "}]}')
,(10,2,31,'{"texts":[{"la":"eu","text":"Vallès Occidental"},{"la":"ca","text":"Vallès Occidental"},{"la":"es","text":"Vallès Occidental"}]}');

INSERT INTO region (id,version,province_id,name) VALUES 
(11,2,31,'{"texts":[{"la":"eu","text":"Vallès Oriental "},{"la":"ca","text":"Vallès Oriental "},{"la":"es","text":"Vallès Oriental "}]}')
,(12,2,32,'{"texts":[{"la":"eu","text":"Alt Empordà "},{"la":"ca","text":"Alt Empordà "},{"la":"es","text":"Alt Empordà "}]}')
,(13,2,32,'{"texts":[{"la":"eu","text":"Baix Empordà "},{"la":"ca","text":"Baix Empordà "},{"la":"es","text":"Baix Empordà "}]}')
,(14,2,32,'{"texts":[{"la":"eu","text":"Cerdanya "},{"la":"ca","text":"Cerdanya "},{"la":"es","text":"Cerdanya "}]}')
,(15,2,32,'{"texts":[{"la":"eu","text":"Garrotxa "},{"la":"ca","text":"Garrotxa "},{"la":"es","text":"Garrotxa "}]}')
,(16,2,32,'{"texts":[{"la":"eu","text":"Gironès "},{"la":"ca","text":"Gironès "},{"la":"es","text":"Gironès "}]}')
,(17,3,32,'{"texts":[{"la":"eu","text":"Pla de l''''Estany "},{"la":"ca","text":"Pla de l''Estany "},{"la":"es","text":"Pla de l''''Estany "}]}')
,(18,2,32,'{"texts":[{"la":"eu","text":"Ripollès "},{"la":"ca","text":"Ripollès "},{"la":"es","text":"Ripollès "}]}')
,(19,2,32,'{"texts":[{"la":"eu","text":"Selva"},{"la":"ca","text":"Selva"},{"la":"es","text":"Selva"}]}')
,(20,2,33,'{"texts":[{"la":"eu","text":"Alt Urgell "},{"la":"ca","text":"Alt Urgell "},{"la":"es","text":"Alt Urgell "}]}');

INSERT INTO region (id,version,province_id,name) VALUES 
(21,2,33,'{"texts":[{"la":"eu","text":"Alta Ribagorça"},{"la":"ca","text":"Alta Ribagorça"},{"la":"es","text":"Alta Ribagorça"}]}')
,(22,2,33,'{"texts":[{"la":"eu","text":"Garrigues"},{"la":"ca","text":"Garrigues"},{"la":"es","text":"Garrigues"}]}')
,(23,2,33,'{"texts":[{"la":"eu","text":"Noguera"},{"la":"ca","text":"Noguera"},{"la":"es","text":"Noguera"}]}')
,(24,2,33,'{"texts":[{"la":"eu","text":"Pallars Jussà"},{"la":"ca","text":"Pallars Jussà"},{"la":"es","text":"Pallars Jussà"}]}')
,(25,2,33,'{"texts":[{"la":"eu","text":"Pallars Sobirà"},{"la":"ca","text":"Pallars Sobirà"},{"la":"es","text":"Pallars Sobirà"}]}')
,(26,3,33,'{"texts":[{"la":"eu","text":"Pla d''Urgell"},{"la":"ca","text":"Pla d''Urgell"},{"la":"es","text":"Pla d''Urgell"}]}')
,(27,2,33,'{"texts":[{"la":"eu","text":"Segarra"},{"la":"ca","text":"Segarra"},{"la":"es","text":"Segarra"}]}')
,(28,2,33,'{"texts":[{"la":"eu","text":"Segrià"},{"la":"ca","text":"Segrià"},{"la":"es","text":"Segrià"}]}')
,(29,2,33,'{"texts":[{"la":"eu","text":"Solsonès"},{"la":"ca","text":"Solsonès"},{"la":"es","text":"Solsonès"}]}')
,(30,2,33,'{"texts":[{"la":"eu","text":"Urgell"},{"la":"ca","text":"Urgell"},{"la":"es","text":"Urgell"}]}');

INSERT INTO region (id,version,province_id,name) VALUES 
(31,3,33,'{"texts":[{"la":"eu","text":"Vall d''Aran"},{"la":"ca","text":"Vall d''Aran"},{"la":"es","text":"Vall d''Aran"}]}')
,(32,2,34,'{"texts":[{"la":"eu","text":"Alt Camp"},{"la":"ca","text":"Alt Camp"},{"la":"es","text":"Alt Camp"}]}')
,(33,2,34,'{"texts":[{"la":"eu","text":"Baix Camp"},{"la":"ca","text":"Baix Camp"},{"la":"es","text":"Baix Camp"}]}')
,(34,2,34,'{"texts":[{"la":"eu","text":"Baix Ebre"},{"la":"ca","text":"Baix Ebre"},{"la":"es","text":"Baix Ebre"}]}')
,(35,2,34,'{"texts":[{"la":"eu","text":"Baix Penedès"},{"la":"ca","text":"Baix Penedès"},{"la":"es","text":"Baix Penedès"}]}')
,(36,2,34,'{"texts":[{"la":"eu","text":"Conca de Barberà"},{"la":"ca","text":"Conca de Barberà"},{"la":"es","text":"Conca de Barberà"}]}')
,(37,2,34,'{"texts":[{"la":"eu","text":"Montsià"},{"la":"ca","text":"Montsià"},{"la":"es","text":"Montsià"}]}')
,(38,2,34,'{"texts":[{"la":"eu","text":"Priorat"},{"la":"ca","text":"Priorat"},{"la":"es","text":"Priorat"}]}')
,(39,3,34,'{"texts":[{"la":"eu","text":"Ribera d''Ebre"},{"la":"ca","text":"Ribera d''Ebre"},{"la":"es","text":"Ribera d''Ebre"}]}')
,(40,2,34,'{"texts":[{"la":"eu","text":"Tarragonès"},{"la":"ca","text":"Tarragonès"},{"la":"es","text":"Tarragonès"}]}');

INSERT INTO region (id,version,province_id,name) VALUES 
(41,2,34,'{"texts":[{"la":"eu","text":"Terra Alta"},{"la":"ca","text":"Terra Alta"},{"la":"es","text":"Terra Alta"}]}');

INSERT INTO town (ID,version,region_id,name,province_id) VALUES 
(1,1,1,'{"texts":[{"la":"eu","text":"Avinyonet del Penedès"},{"la":"ca","text":"Avinyonet del Penedès"},{"la":"es","text":"Avinyonet del Penedès"}]}',NULL)
,(2,1,1,'{"texts":[{"la":"eu","text":"Cabanyes, Les"},{"la":"ca","text":"Cabanyes, Les"},{"la":"es","text":"Cabanyes, Les"}]}',NULL)
,(3,1,1,'{"texts":[{"la":"eu","text":"Castellet i la Gornal"},{"la":"ca","text":"Castellet i la Gornal"},{"la":"es","text":"Castellet i la Gornal"}]}',NULL)
,(4,1,1,'{"texts":[{"la":"eu","text":"Castellví de la Marca"},{"la":"ca","text":"Castellví de la Marca"},{"la":"es","text":"Castellví de la Marca"}]}',NULL)
,(5,1,1,'{"texts":[{"la":"eu","text":"Font-rubí"},{"la":"ca","text":"Font-rubí"},{"la":"es","text":"Font-rubí"}]}',NULL)
,(6,1,1,'{"texts":[{"la":"eu","text":"Gelida"},{"la":"ca","text":"Gelida"},{"la":"es","text":"Gelida"}]}',NULL)
,(7,1,1,'{"texts":[{"la":"eu","text":"Granada, La"},{"la":"ca","text":"Granada, La"},{"la":"es","text":"Granada, La"}]}',NULL)
,(8,1,1,'{"texts":[{"la":"eu","text":"Mediona"},{"la":"ca","text":"Mediona"},{"la":"es","text":"Mediona"}]}',NULL)
,(9,1,1,'{"texts":[{"la":"eu","text":"Olèrdola"},{"la":"ca","text":"Olèrdola"},{"la":"es","text":"Olèrdola"}]}',NULL)
,(10,1,1,'{"texts":[{"la":"eu","text":"Olesa de Bonesvalles"},{"la":"ca","text":"Olesa de Bonesvalles"},{"la":"es","text":"Olesa de Bonesvalles"}]}',NULL)
;
INSERT INTO town (ID,version,region_id,name,province_id) VALUES 
(11,1,1,'{"texts":[{"la":"eu","text":"Pacs del Penedès"},{"la":"ca","text":"Pacs del Penedès"},{"la":"es","text":"Pacs del Penedès"}]}',NULL)
,(12,1,1,'{"texts":[{"la":"eu","text":"Pla del Penedès, El"},{"la":"ca","text":"Pla del Penedès, El"},{"la":"es","text":"Pla del Penedès, El"}]}',NULL)
,(13,1,1,'{"texts":[{"la":"eu","text":"Pontons"},{"la":"ca","text":"Pontons"},{"la":"es","text":"Pontons"}]}',NULL)
,(14,1,1,'{"texts":[{"la":"eu","text":"Puigdàlber"},{"la":"ca","text":"Puigdàlber"},{"la":"es","text":"Puigdàlber"}]}',NULL)
,(15,1,1,'{"texts":[{"la":"eu","text":"Sant Cugat Sesgarrigues"},{"la":"ca","text":"Sant Cugat Sesgarrigues"},{"la":"es","text":"Sant Cugat Sesgarrigues"}]}',NULL)
,(16,1,1,'{"texts":[{"la":"eu","text":"Sant Llorenç d''Hortons"},{"la":"ca","text":"Sant Llorenç d''Hortons"},{"la":"es","text":"Sant Llorenç d''Hortons"}]}',NULL)
,(17,1,1,'{"texts":[{"la":"eu","text":"Sant Martí Sarroca"},{"la":"ca","text":"Sant Martí Sarroca"},{"la":"es","text":"Sant Martí Sarroca"}]}',NULL)
,(18,1,1,'{"texts":[{"la":"eu","text":"Sant Pere de Riudebitlles"},{"la":"ca","text":"Sant Pere de Riudebitlles"},{"la":"es","text":"Sant Pere de Riudebitlles"}]}',NULL)
,(19,1,1,'{"texts":[{"la":"eu","text":"Sant Quintí de Mediona"},{"la":"ca","text":"Sant Quintí de Mediona"},{"la":"es","text":"Sant Quintí de Mediona"}]}',NULL)
,(20,1,1,'{"texts":[{"la":"eu","text":"Sant Sadurní d''Anoia"},{"la":"ca","text":"Sant Sadurní d''Anoia"},{"la":"es","text":"Sant Sadurní d''Anoia"}]}',NULL)
;
INSERT INTO town (ID,version,region_id,name,province_id) VALUES 
(21,1,1,'{"texts":[{"la":"eu","text":"Santa Fe del Penedès"},{"la":"ca","text":"Santa Fe del Penedès"},{"la":"es","text":"Santa Fe del Penedès"}]}',NULL)
,(22,1,1,'{"texts":[{"la":"eu","text":"Santa Margarida i els Monjos"},{"la":"ca","text":"Santa Margarida i els Monjos"},{"la":"es","text":"Santa Margarida i els Monjos"}]}',NULL)
,(23,1,1,'{"texts":[{"la":"eu","text":"Subirats"},{"la":"ca","text":"Subirats"},{"la":"es","text":"Subirats"}]}',NULL)
,(24,1,1,'{"texts":[{"la":"eu","text":"Torrelavit"},{"la":"ca","text":"Torrelavit"},{"la":"es","text":"Torrelavit"}]}',NULL)
,(25,1,1,'{"texts":[{"la":"eu","text":"Torrelles de Foix"},{"la":"ca","text":"Torrelles de Foix"},{"la":"es","text":"Torrelles de Foix"}]}',NULL)
,(26,1,1,'{"texts":[{"la":"eu","text":"Vilafranca del Penedès"},{"la":"ca","text":"Vilafranca del Penedès"},{"la":"es","text":"Vilafranca del Penedès"}]}',NULL)
,(27,1,1,'{"texts":[{"la":"eu","text":"Vilobí del Penedès"},{"la":"ca","text":"Vilobí del Penedès"},{"la":"es","text":"Vilobí del Penedès"}]}',NULL)
,(28,1,2,'{"texts":[{"la":"eu","text":"Argençola"},{"la":"ca","text":"Argençola"},{"la":"es","text":"Argençola"}]}',NULL)
,(29,1,2,'{"texts":[{"la":"eu","text":"Bellprat"},{"la":"ca","text":"Bellprat"},{"la":"es","text":"Bellprat"}]}',NULL)
,(30,1,2,'{"texts":[{"la":"eu","text":"Cabrera d''Anoia"},{"la":"ca","text":"Cabrera d''Anoia"},{"la":"es","text":"Cabrera d''Anoia"}]}',NULL)
;
INSERT INTO town (ID,version,region_id,name,province_id) VALUES 
(31,1,2,'{"texts":[{"la":"eu","text":"Calaf"},{"la":"ca","text":"Calaf"},{"la":"es","text":"Calaf"}]}',NULL)
,(32,1,2,'{"texts":[{"la":"eu","text":"Calonge de Segarra"},{"la":"ca","text":"Calonge de Segarra"},{"la":"es","text":"Calonge de Segarra"}]}',NULL)
,(33,1,2,'{"texts":[{"la":"eu","text":"Capellades"},{"la":"ca","text":"Capellades"},{"la":"es","text":"Capellades"}]}',NULL)
,(34,1,2,'{"texts":[{"la":"eu","text":"Carme"},{"la":"ca","text":"Carme"},{"la":"es","text":"Carme"}]}',NULL)
,(35,1,2,'{"texts":[{"la":"eu","text":"Castellfollit de Riubregós"},{"la":"ca","text":"Castellfollit de Riubregós"},{"la":"es","text":"Castellfollit de Riubregós"}]}',NULL)
,(36,1,2,'{"texts":[{"la":"eu","text":"Castellolí"},{"la":"ca","text":"Castellolí"},{"la":"es","text":"Castellolí"}]}',NULL)
,(37,1,2,'{"texts":[{"la":"eu","text":"Copons"},{"la":"ca","text":"Copons"},{"la":"es","text":"Copons"}]}',NULL)
,(38,1,2,'{"texts":[{"la":"eu","text":"Bruc, El"},{"la":"ca","text":"Bruc, El"},{"la":"es","text":"Bruc, El"}]}',NULL)
,(39,1,2,'{"texts":[{"la":"eu","text":"Hostalets de Pierola , Els"},{"la":"ca","text":"Hostalets de Pierola , Els"},{"la":"es","text":"Hostalets de Pierola , Els"}]}',NULL)
,(40,1,2,'{"texts":[{"la":"eu","text":"Prats de rei, Els"},{"la":"ca","text":"Prats de rei, Els"},{"la":"es","text":"Prats de rei, Els"}]}',NULL)
;
INSERT INTO town (ID,version,region_id,name,province_id) VALUES 
(41,1,2,'{"texts":[{"la":"eu","text":"Igualada"},{"la":"ca","text":"Igualada"},{"la":"es","text":"Igualada"}]}',NULL)
,(42,1,2,'{"texts":[{"la":"eu","text":"Jorba"},{"la":"ca","text":"Jorba"},{"la":"es","text":"Jorba"}]}',NULL)
,(43,1,2,'{"texts":[{"la":"eu","text":"Llacuna, La"},{"la":"ca","text":"Llacuna, La"},{"la":"es","text":"Llacuna, La"}]}',NULL)
,(44,1,2,'{"texts":[{"la":"eu","text":"Pobla de Claramunt, La"},{"la":"ca","text":"Pobla de Claramunt, La"},{"la":"es","text":"Pobla de Claramunt, La"}]}',NULL)
,(45,1,2,'{"texts":[{"la":"eu","text":"Torre de Claramunt, La"},{"la":"ca","text":"Torre de Claramunt, La"},{"la":"es","text":"Torre de Claramunt, La"}]}',NULL)
,(46,1,2,'{"texts":[{"la":"eu","text":"Masquefa"},{"la":"ca","text":"Masquefa"},{"la":"es","text":"Masquefa"}]}',NULL)
,(47,1,2,'{"texts":[{"la":"eu","text":"Montmaneu"},{"la":"ca","text":"Montmaneu"},{"la":"es","text":"Montmaneu"}]}',NULL)
,(48,1,2,'{"texts":[{"la":"eu","text":"Òdena"},{"la":"ca","text":"Òdena"},{"la":"es","text":"Òdena"}]}',NULL)
,(49,1,2,'{"texts":[{"la":"eu","text":"Orpí"},{"la":"ca","text":"Orpí"},{"la":"es","text":"Orpí"}]}',NULL)
,(50,1,2,'{"texts":[{"la":"eu","text":"Piera"},{"la":"ca","text":"Piera"},{"la":"es","text":"Piera"}]}',NULL)
;
INSERT INTO town (ID,version,region_id,name,province_id) VALUES 
(51,1,2,'{"texts":[{"la":"eu","text":"Pujalt"},{"la":"ca","text":"Pujalt"},{"la":"es","text":"Pujalt"}]}',NULL)
,(52,1,2,'{"texts":[{"la":"eu","text":"Rubió"},{"la":"ca","text":"Rubió"},{"la":"es","text":"Rubió"}]}',NULL)
,(53,1,2,'{"texts":[{"la":"eu","text":"Sant Martí de Tous"},{"la":"ca","text":"Sant Martí de Tous"},{"la":"es","text":"Sant Martí de Tous"}]}',NULL)
,(54,1,2,'{"texts":[{"la":"eu","text":"Sant Martí Sesgueioles"},{"la":"ca","text":"Sant Martí Sesgueioles"},{"la":"es","text":"Sant Martí Sesgueioles"}]}',NULL)
,(55,1,2,'{"texts":[{"la":"eu","text":"Sant Pere Sallavinera"},{"la":"ca","text":"Sant Pere Sallavinera"},{"la":"es","text":"Sant Pere Sallavinera"}]}',NULL)
,(56,1,2,'{"texts":[{"la":"eu","text":"Santa Margarida de Montbui"},{"la":"ca","text":"Santa Margarida de Montbui"},{"la":"es","text":"Santa Margarida de Montbui"}]}',NULL)
,(57,1,2,'{"texts":[{"la":"eu","text":"Santa Maria de Miralles"},{"la":"ca","text":"Santa Maria de Miralles"},{"la":"es","text":"Santa Maria de Miralles"}]}',NULL)
,(58,1,2,'{"texts":[{"la":"eu","text":"Vallbona d''Anoia"},{"la":"ca","text":"Vallbona d''Anoia"},{"la":"es","text":"Vallbona d''Anoia"}]}',NULL)
,(59,1,2,'{"texts":[{"la":"eu","text":"Veciana"},{"la":"ca","text":"Veciana"},{"la":"es","text":"Veciana"}]}',NULL)
,(60,1,2,'{"texts":[{"la":"eu","text":"Vilanova del Camí"},{"la":"ca","text":"Vilanova del Camí"},{"la":"es","text":"Vilanova del Camí"}]}',NULL)
;
INSERT INTO town (ID,version,region_id,name,province_id) VALUES 
(61,1,3,'{"texts":[{"la":"eu","text":"Aguilar de Segarra"},{"la":"ca","text":"Aguilar de Segarra"},{"la":"es","text":"Aguilar de Segarra"}]}',NULL)
,(62,1,3,'{"texts":[{"la":"eu","text":"Artés"},{"la":"ca","text":"Artés"},{"la":"es","text":"Artés"}]}',NULL)
,(63,1,3,'{"texts":[{"la":"eu","text":"Avinyó"},{"la":"ca","text":"Avinyó"},{"la":"es","text":"Avinyó"}]}',NULL)
,(64,1,3,'{"texts":[{"la":"eu","text":"Balsareny"},{"la":"ca","text":"Balsareny"},{"la":"es","text":"Balsareny"}]}',NULL)
,(65,1,3,'{"texts":[{"la":"eu","text":"Calders"},{"la":"ca","text":"Calders"},{"la":"es","text":"Calders"}]}',NULL)
,(66,1,3,'{"texts":[{"la":"eu","text":"Callús"},{"la":"ca","text":"Callús"},{"la":"es","text":"Callús"}]}',NULL)
,(67,1,3,'{"texts":[{"la":"eu","text":"Cardona"},{"la":"ca","text":"Cardona"},{"la":"es","text":"Cardona"}]}',NULL)
,(68,1,3,'{"texts":[{"la":"eu","text":"Castellbell i el Vilar"},{"la":"ca","text":"Castellbell i el Vilar"},{"la":"es","text":"Castellbell i el Vilar"}]}',NULL)
,(69,1,3,'{"texts":[{"la":"eu","text":"Castellfollit del Boix"},{"la":"ca","text":"Castellfollit del Boix"},{"la":"es","text":"Castellfollit del Boix"}]}',NULL)
,(70,1,3,'{"texts":[{"la":"eu","text":"Castellgalí"},{"la":"ca","text":"Castellgalí"},{"la":"es","text":"Castellgalí"}]}',NULL)
;
INSERT INTO town (ID,version,region_id,name,province_id) VALUES 
(71,1,3,'{"texts":[{"la":"eu","text":"Castellnou de Bages"},{"la":"ca","text":"Castellnou de Bages"},{"la":"es","text":"Castellnou de Bages"}]}',NULL)
,(72,1,3,'{"texts":[{"la":"eu","text":"Pont de Vilomara i Rocafort, El"},{"la":"ca","text":"Pont de Vilomara i Rocafort, El"},{"la":"es","text":"Pont de Vilomara i Rocafort, El"}]}',NULL)
,(73,1,3,'{"texts":[{"la":"eu","text":"Fonollosa"},{"la":"ca","text":"Fonollosa"},{"la":"es","text":"Fonollosa"}]}',NULL)
,(74,1,3,'{"texts":[{"la":"eu","text":"Gaià"},{"la":"ca","text":"Gaià"},{"la":"es","text":"Gaià"}]}',NULL)
,(75,1,3,'{"texts":[{"la":"eu","text":"Estany, L''"},{"la":"ca","text":"Estany, L''"},{"la":"es","text":"Estany, L''"}]}',NULL)
,(76,1,3,'{"texts":[{"la":"eu","text":"Manresa"},{"la":"ca","text":"Manresa"},{"la":"es","text":"Manresa"}]}',NULL)
,(77,1,3,'{"texts":[{"la":"eu","text":"Marganell"},{"la":"ca","text":"Marganell"},{"la":"es","text":"Marganell"}]}',NULL)
,(78,1,3,'{"texts":[{"la":"eu","text":"Moià"},{"la":"ca","text":"Moià"},{"la":"es","text":"Moià"}]}',NULL)
,(79,1,3,'{"texts":[{"la":"eu","text":"Monistrol de Calders"},{"la":"ca","text":"Monistrol de Calders"},{"la":"es","text":"Monistrol de Calders"}]}',NULL)
,(80,1,3,'{"texts":[{"la":"eu","text":"Monistrol de Montserrat"},{"la":"ca","text":"Monistrol de Montserrat"},{"la":"es","text":"Monistrol de Montserrat"}]}',NULL)
;
INSERT INTO town (ID,version,region_id,name,province_id) VALUES 
(81,1,3,'{"texts":[{"la":"eu","text":"Mura"},{"la":"ca","text":"Mura"},{"la":"es","text":"Mura"}]}',NULL)
,(82,1,3,'{"texts":[{"la":"eu","text":"Navarcles"},{"la":"ca","text":"Navarcles"},{"la":"es","text":"Navarcles"}]}',NULL)
,(83,1,3,'{"texts":[{"la":"eu","text":"Navàs"},{"la":"ca","text":"Navàs"},{"la":"es","text":"Navàs"}]}',NULL)
,(84,1,3,'{"texts":[{"la":"eu","text":"Rajadell"},{"la":"ca","text":"Rajadell"},{"la":"es","text":"Rajadell"}]}',NULL)
,(85,1,3,'{"texts":[{"la":"eu","text":"Sallent"},{"la":"ca","text":"Sallent"},{"la":"es","text":"Sallent"}]}',NULL)
,(86,1,3,'{"texts":[{"la":"eu","text":"Sant Feliu Sasserra"},{"la":"ca","text":"Sant Feliu Sasserra"},{"la":"es","text":"Sant Feliu Sasserra"}]}',NULL)
,(87,1,3,'{"texts":[{"la":"eu","text":"Sant Fruitós de Bages"},{"la":"ca","text":"Sant Fruitós de Bages"},{"la":"es","text":"Sant Fruitós de Bages"}]}',NULL)
,(88,1,3,'{"texts":[{"la":"eu","text":"Sant Joan de Vilatorrada"},{"la":"ca","text":"Sant Joan de Vilatorrada"},{"la":"es","text":"Sant Joan de Vilatorrada"}]}',NULL)
,(89,1,3,'{"texts":[{"la":"eu","text":"Sant Mateu de Bages"},{"la":"ca","text":"Sant Mateu de Bages"},{"la":"es","text":"Sant Mateu de Bages"}]}',NULL)
,(90,1,3,'{"texts":[{"la":"eu","text":"Sant Salvador de Guardiola"},{"la":"ca","text":"Sant Salvador de Guardiola"},{"la":"es","text":"Sant Salvador de Guardiola"}]}',NULL)
;
INSERT INTO town (ID,version,region_id,name,province_id) VALUES 
(91,1,3,'{"texts":[{"la":"eu","text":"Sant Vicenç de Castellet"},{"la":"ca","text":"Sant Vicenç de Castellet"},{"la":"es","text":"Sant Vicenç de Castellet"}]}',NULL)
,(92,2,3,'{"texts":[{"la":"eu","text":"Santa Maria d''Oló"},{"la":"ca","text":"Santa Maria d''Oló"},{"la":"es","text":"Santa Maria d''Oló"}]}',NULL)
,(93,1,3,'{"texts":[{"la":"eu","text":"Santpedor"},{"la":"ca","text":"Santpedor"},{"la":"es","text":"Santpedor"}]}',NULL)
,(94,1,3,'{"texts":[{"la":"eu","text":"Súria"},{"la":"ca","text":"Súria"},{"la":"es","text":"Súria"}]}',NULL)
,(95,1,3,'{"texts":[{"la":"eu","text":"Talamanca"},{"la":"ca","text":"Talamanca"},{"la":"es","text":"Talamanca"}]}',NULL)
,(96,1,4,'{"texts":[{"la":"eu","text":"Abrera"},{"la":"ca","text":"Abrera"},{"la":"es","text":"Abrera"}]}',NULL)
,(97,1,4,'{"texts":[{"la":"eu","text":"Begues"},{"la":"ca","text":"Begues"},{"la":"es","text":"Begues"}]}',NULL)
,(98,1,4,'{"texts":[{"la":"eu","text":"Castelldefels"},{"la":"ca","text":"Castelldefels"},{"la":"es","text":"Castelldefels"}]}',NULL)
,(99,1,4,'{"texts":[{"la":"eu","text":"Castellví de Rosanes"},{"la":"ca","text":"Castellví de Rosanes"},{"la":"es","text":"Castellví de Rosanes"}]}',NULL)
,(100,1,4,'{"texts":[{"la":"eu","text":"Cervelló"},{"la":"ca","text":"Cervelló"},{"la":"es","text":"Cervelló"}]}',NULL)
;
INSERT INTO town (ID,version,region_id,name,province_id) VALUES 
(101,1,4,'{"texts":[{"la":"eu","text":"Collbató"},{"la":"ca","text":"Collbató"},{"la":"es","text":"Collbató"}]}',NULL)
,(102,1,4,'{"texts":[{"la":"eu","text":"Corbera de Llobregat"},{"la":"ca","text":"Corbera de Llobregat"},{"la":"es","text":"Corbera de Llobregat"}]}',NULL)
,(103,1,4,'{"texts":[{"la":"eu","text":"Cornellà de Llobregat"},{"la":"ca","text":"Cornellà de Llobregat"},{"la":"es","text":"Cornellà de Llobregat"}]}',NULL)
,(104,1,4,'{"texts":[{"la":"eu","text":"Papiol, El"},{"la":"ca","text":"Papiol, El"},{"la":"es","text":"Papiol, El"}]}',NULL)
,(105,1,4,'{"texts":[{"la":"eu","text":"Prat de Llobregat, El"},{"la":"ca","text":"Prat de Llobregat, El"},{"la":"es","text":"Prat de Llobregat, El"}]}',NULL)
,(106,1,4,'{"texts":[{"la":"eu","text":"Esparreguera"},{"la":"ca","text":"Esparreguera"},{"la":"es","text":"Esparreguera"}]}',NULL)
,(107,1,4,'{"texts":[{"la":"eu","text":"Esplugues de Llobregat"},{"la":"ca","text":"Esplugues de Llobregat"},{"la":"es","text":"Esplugues de Llobregat"}]}',NULL)
,(108,1,4,'{"texts":[{"la":"eu","text":"Gavà"},{"la":"ca","text":"Gavà"},{"la":"es","text":"Gavà"}]}',NULL)
,(109,1,4,'{"texts":[{"la":"eu","text":"Palma de Cervelló , La"},{"la":"ca","text":"Palma de Cervelló , La"},{"la":"es","text":"Palma de Cervelló , La"}]}',NULL)
,(111,1,4,'{"texts":[{"la":"eu","text":"Martorell"},{"la":"ca","text":"Martorell"},{"la":"es","text":"Martorell"}]}',NULL)
;
INSERT INTO town (ID,version,region_id,name,province_id) VALUES 
(112,1,4,'{"texts":[{"la":"eu","text":"Molins de Rei"},{"la":"ca","text":"Molins de Rei"},{"la":"es","text":"Molins de Rei"}]}',NULL)
,(113,1,4,'{"texts":[{"la":"eu","text":"Olesa de Montserrat"},{"la":"ca","text":"Olesa de Montserrat"},{"la":"es","text":"Olesa de Montserrat"}]}',NULL)
,(114,1,4,'{"texts":[{"la":"eu","text":"Pallejà"},{"la":"ca","text":"Pallejà"},{"la":"es","text":"Pallejà"}]}',NULL)
,(115,1,4,'{"texts":[{"la":"eu","text":"Sant Andreu de la Barca"},{"la":"ca","text":"Sant Andreu de la Barca"},{"la":"es","text":"Sant Andreu de la Barca"}]}',NULL)
,(116,1,4,'{"texts":[{"la":"eu","text":"Sant Boi de Llobregat"},{"la":"ca","text":"Sant Boi de Llobregat"},{"la":"es","text":"Sant Boi de Llobregat"}]}',NULL)
,(117,1,4,'{"texts":[{"la":"eu","text":"Sant Climent de Llobregat"},{"la":"ca","text":"Sant Climent de Llobregat"},{"la":"es","text":"Sant Climent de Llobregat"}]}',NULL)
,(118,1,4,'{"texts":[{"la":"eu","text":"Sant Esteve Sesrovires"},{"la":"ca","text":"Sant Esteve Sesrovires"},{"la":"es","text":"Sant Esteve Sesrovires"}]}',NULL)
,(119,1,4,'{"texts":[{"la":"eu","text":"Sant Feliu de Llobregat"},{"la":"ca","text":"Sant Feliu de Llobregat"},{"la":"es","text":"Sant Feliu de Llobregat"}]}',NULL)
,(120,1,4,'{"texts":[{"la":"eu","text":"Sant Joan Despí"},{"la":"ca","text":"Sant Joan Despí"},{"la":"es","text":"Sant Joan Despí"}]}',NULL)
,(121,1,4,'{"texts":[{"la":"eu","text":"Sant Just Desvern"},{"la":"ca","text":"Sant Just Desvern"},{"la":"es","text":"Sant Just Desvern"}]}',NULL)
;
INSERT INTO town (ID,version,region_id,name,province_id) VALUES 
(122,1,4,'{"texts":[{"la":"eu","text":"Sant Vicenç dels Horts"},{"la":"ca","text":"Sant Vicenç dels Horts"},{"la":"es","text":"Sant Vicenç dels Horts"}]}',NULL)
,(123,1,4,'{"texts":[{"la":"eu","text":"Santa Coloma de Cervelló"},{"la":"ca","text":"Santa Coloma de Cervelló"},{"la":"es","text":"Santa Coloma de Cervelló"}]}',NULL)
,(124,1,4,'{"texts":[{"la":"eu","text":"Torrelles de Llobregat"},{"la":"ca","text":"Torrelles de Llobregat"},{"la":"es","text":"Torrelles de Llobregat"}]}',NULL)
,(125,1,4,'{"texts":[{"la":"eu","text":"Vallirana"},{"la":"ca","text":"Vallirana"},{"la":"es","text":"Vallirana"}]}',NULL)
,(126,1,4,'{"texts":[{"la":"eu","text":"Viladecans"},{"la":"ca","text":"Viladecans"},{"la":"es","text":"Viladecans"}]}',NULL)
,(110,2,5,'{"texts":[{"la":"eu","text":"Hospitalet de Llobregat, L''"},{"la":"ca","text":"Hospitalet de Llobregat, L''"},{"la":"es","text":"Hospitalet de Llobregat, L''"}]}',NULL)
,(127,1,5,'{"texts":[{"la":"eu","text":"Badalona"},{"la":"ca","text":"Badalona"},{"la":"es","text":"Badalona"}]}',NULL)
,(128,1,5,'{"texts":[{"la":"eu","text":"Barcelona"},{"la":"ca","text":"Barcelona"},{"la":"es","text":"Barcelona"}]}',NULL)
,(129,1,5,'{"texts":[{"la":"eu","text":"Sant Adrià de Besòs"},{"la":"ca","text":"Sant Adrià de Besòs"},{"la":"es","text":"Sant Adrià de Besòs"}]}',NULL)
,(130,1,5,'{"texts":[{"la":"eu","text":"Santa Coloma de Gramenet"},{"la":"ca","text":"Santa Coloma de Gramenet"},{"la":"es","text":"Santa Coloma de Gramenet"}]}',NULL)
;
INSERT INTO town (ID,version,region_id,name,province_id) VALUES 
(131,1,6,'{"texts":[{"la":"eu","text":"Avià"},{"la":"ca","text":"Avià"},{"la":"es","text":"Avià"}]}',NULL)
,(132,1,6,'{"texts":[{"la":"eu","text":"Bagà"},{"la":"ca","text":"Bagà"},{"la":"es","text":"Bagà"}]}',NULL)
,(133,1,6,'{"texts":[{"la":"eu","text":"Berga"},{"la":"ca","text":"Berga"},{"la":"es","text":"Berga"}]}',NULL)
,(134,1,6,'{"texts":[{"la":"eu","text":"Borredà"},{"la":"ca","text":"Borredà"},{"la":"es","text":"Borredà"}]}',NULL)
,(135,1,6,'{"texts":[{"la":"eu","text":"Capolat"},{"la":"ca","text":"Capolat"},{"la":"es","text":"Capolat"}]}',NULL)
,(136,1,6,'{"texts":[{"la":"eu","text":"Casserres"},{"la":"ca","text":"Casserres"},{"la":"es","text":"Casserres"}]}',NULL)
,(137,1,6,'{"texts":[{"la":"eu","text":"Castell de l''Areny"},{"la":"ca","text":"Castell de l''Areny"},{"la":"es","text":"Castell de l''Areny"}]}',NULL)
,(138,1,6,'{"texts":[{"la":"eu","text":"Castellar de n''Hug"},{"la":"ca","text":"Castellar de n''Hug"},{"la":"es","text":"Castellar de n''Hug"}]}',NULL)
,(139,1,6,'{"texts":[{"la":"eu","text":"Castellar del Riu"},{"la":"ca","text":"Castellar del Riu"},{"la":"es","text":"Castellar del Riu"}]}',NULL)
,(140,1,6,'{"texts":[{"la":"eu","text":"Cercs"},{"la":"ca","text":"Cercs"},{"la":"es","text":"Cercs"}]}',NULL)
;
INSERT INTO town (ID,version,region_id,name,province_id) VALUES 
(141,2,6,'{"texts":[{"la":"eu","text":"Espunyola, L''"},{"la":"ca","text":"Espunyola, L''"},{"la":"es","text":"Espunyola, L''"}]}',NULL)
,(142,1,6,'{"texts":[{"la":"eu","text":"Fígols"},{"la":"ca","text":"Fígols"},{"la":"es","text":"Fígols"}]}',NULL)
,(143,1,6,'{"texts":[{"la":"eu","text":"Gironella"},{"la":"ca","text":"Gironella"},{"la":"es","text":"Gironella"}]}',NULL)
,(144,1,6,'{"texts":[{"la":"eu","text":"Gisclareny"},{"la":"ca","text":"Gisclareny"},{"la":"es","text":"Gisclareny"}]}',NULL)
,(145,1,6,'{"texts":[{"la":"eu","text":"Gósol"},{"la":"ca","text":"Gósol"},{"la":"es","text":"Gósol"}]}',NULL)
,(146,1,6,'{"texts":[{"la":"eu","text":"Guardiola de Berguedà"},{"la":"ca","text":"Guardiola de Berguedà"},{"la":"es","text":"Guardiola de Berguedà"}]}',NULL)
,(147,1,6,'{"texts":[{"la":"eu","text":"Montclar"},{"la":"ca","text":"Montclar"},{"la":"es","text":"Montclar"}]}',NULL)
,(148,1,6,'{"texts":[{"la":"eu","text":"Montmajor"},{"la":"ca","text":"Montmajor"},{"la":"es","text":"Montmajor"}]}',NULL)
,(149,1,6,'{"texts":[{"la":"eu","text":"Nou de Berguedà, La"},{"la":"ca","text":"Nou de Berguedà, La"},{"la":"es","text":"Nou de Berguedà, La"}]}',NULL)
,(150,1,6,'{"texts":[{"la":"eu","text":"Olvan"},{"la":"ca","text":"Olvan"},{"la":"es","text":"Olvan"}]}',NULL)
;
INSERT INTO town (ID,version,region_id,name,province_id) VALUES 
(151,1,6,'{"texts":[{"la":"eu","text":"Pobla de Lillet, La"},{"la":"ca","text":"Pobla de Lillet, La"},{"la":"es","text":"Pobla de Lillet, La"}]}',NULL)
,(152,1,6,'{"texts":[{"la":"eu","text":"Puig-reig"},{"la":"ca","text":"Puig-reig"},{"la":"es","text":"Puig-reig"}]}',NULL)
,(153,1,6,'{"texts":[{"la":"eu","text":"Quar, La"},{"la":"ca","text":"Quar, La"},{"la":"es","text":"Quar, La"}]}',NULL)
,(154,1,6,'{"texts":[{"la":"eu","text":"Sagàs"},{"la":"ca","text":"Sagàs"},{"la":"es","text":"Sagàs"}]}',NULL)
,(155,1,6,'{"texts":[{"la":"eu","text":"Saldes"},{"la":"ca","text":"Saldes"},{"la":"es","text":"Saldes"}]}',NULL)
,(156,1,6,'{"texts":[{"la":"eu","text":"Sant Jaume de Frontanyà"},{"la":"ca","text":"Sant Jaume de Frontanyà"},{"la":"es","text":"Sant Jaume de Frontanyà"}]}',NULL)
,(157,1,6,'{"texts":[{"la":"eu","text":"Sant Julià de Cerdanyola"},{"la":"ca","text":"Sant Julià de Cerdanyola"},{"la":"es","text":"Sant Julià de Cerdanyola"}]}',NULL)
,(158,1,6,'{"texts":[{"la":"eu","text":"Santa Maria de Merlès"},{"la":"ca","text":"Santa Maria de Merlès"},{"la":"es","text":"Santa Maria de Merlès"}]}',NULL)
,(159,1,6,'{"texts":[{"la":"eu","text":"Vallcebre"},{"la":"ca","text":"Vallcebre"},{"la":"es","text":"Vallcebre"}]}',NULL)
,(160,1,6,'{"texts":[{"la":"eu","text":"Vilada"},{"la":"ca","text":"Vilada"},{"la":"es","text":"Vilada"}]}',NULL)
;
INSERT INTO town (ID,version,region_id,name,province_id) VALUES 
(161,1,6,'{"texts":[{"la":"eu","text":"Viver i Serrateix"},{"la":"ca","text":"Viver i Serrateix"},{"la":"es","text":"Viver i Serrateix"}]}',NULL)
,(162,1,7,'{"texts":[{"la":"eu","text":"Canyelles"},{"la":"ca","text":"Canyelles"},{"la":"es","text":"Canyelles"}]}',NULL)
,(163,1,7,'{"texts":[{"la":"eu","text":"Cubelles"},{"la":"ca","text":"Cubelles"},{"la":"es","text":"Cubelles"}]}',NULL)
,(164,1,7,'{"texts":[{"la":"eu","text":"Olivella"},{"la":"ca","text":"Olivella"},{"la":"es","text":"Olivella"}]}',NULL)
,(165,2,7,'{"texts":[{"la":"eu","text":"Sant Pere de Ribers"},{"la":"ca","text":"Sant Pere de Ribers"},{"la":"es","text":"Sant Pere de Ribers"}]}',NULL)
,(166,1,7,'{"texts":[{"la":"eu","text":"Sitges"},{"la":"ca","text":"Sitges"},{"la":"es","text":"Sitges"}]}',NULL)
,(167,1,7,'{"texts":[{"la":"eu","text":"Vilanova i la Geltrú"},{"la":"ca","text":"Vilanova i la Geltrú"},{"la":"es","text":"Vilanova i la Geltrú"}]}',NULL)
,(168,1,8,'{"texts":[{"la":"eu","text":"Alella"},{"la":"ca","text":"Alella"},{"la":"es","text":"Alella"}]}',NULL)
,(169,1,8,'{"texts":[{"la":"eu","text":"Arenys de Mar"},{"la":"ca","text":"Arenys de Mar"},{"la":"es","text":"Arenys de Mar"}]}',NULL)
,(170,1,8,'{"texts":[{"la":"eu","text":"Arenys de Munt"},{"la":"ca","text":"Arenys de Munt"},{"la":"es","text":"Arenys de Munt"}]}',NULL)
;
INSERT INTO town (ID,version,region_id,name,province_id) VALUES 
(171,1,8,'{"texts":[{"la":"eu","text":"Argentona"},{"la":"ca","text":"Argentona"},{"la":"es","text":"Argentona"}]}',NULL)
,(172,1,8,'{"texts":[{"la":"eu","text":"Cabrera de Mar"},{"la":"ca","text":"Cabrera de Mar"},{"la":"es","text":"Cabrera de Mar"}]}',NULL)
,(173,1,8,'{"texts":[{"la":"eu","text":"Cabrils"},{"la":"ca","text":"Cabrils"},{"la":"es","text":"Cabrils"}]}',NULL)
,(174,2,8,'{"texts":[{"la":"eu","text":"Caldes d''Estrac"},{"la":"ca","text":"Caldes d''Estrac"},{"la":"es","text":"Caldes d''Estrac"}]}',NULL)
,(175,1,8,'{"texts":[{"la":"eu","text":"Calella"},{"la":"ca","text":"Calella"},{"la":"es","text":"Calella"}]}',NULL)
,(176,1,8,'{"texts":[{"la":"eu","text":"Canet de Mar"},{"la":"ca","text":"Canet de Mar"},{"la":"es","text":"Canet de Mar"}]}',NULL)
,(177,1,8,'{"texts":[{"la":"eu","text":"Dosrius"},{"la":"ca","text":"Dosrius"},{"la":"es","text":"Dosrius"}]}',NULL)
,(178,1,8,'{"texts":[{"la":"eu","text":"Malgrat de Mar"},{"la":"ca","text":"Malgrat de Mar"},{"la":"es","text":"Malgrat de Mar"}]}',NULL)
,(179,1,8,'{"texts":[{"la":"eu","text":"Masnou, El"},{"la":"ca","text":"Masnou, El"},{"la":"es","text":"Masnou, El"}]}',NULL)
,(180,1,8,'{"texts":[{"la":"eu","text":"Mataró"},{"la":"ca","text":"Mataró"},{"la":"es","text":"Mataró"}]}',NULL)
;
INSERT INTO town (ID,version,region_id,name,province_id) VALUES 
(181,1,8,'{"texts":[{"la":"eu","text":"Montgat"},{"la":"ca","text":"Montgat"},{"la":"es","text":"Montgat"}]}',NULL)
,(182,1,8,'{"texts":[{"la":"eu","text":"Òrrius"},{"la":"ca","text":"Òrrius"},{"la":"es","text":"Òrrius"}]}',NULL)
,(183,1,8,'{"texts":[{"la":"eu","text":"Palafolls"},{"la":"ca","text":"Palafolls"},{"la":"es","text":"Palafolls"}]}',NULL)
,(184,1,8,'{"texts":[{"la":"eu","text":"Pineda de Mar"},{"la":"ca","text":"Pineda de Mar"},{"la":"es","text":"Pineda de Mar"}]}',NULL)
,(185,1,8,'{"texts":[{"la":"eu","text":"Premià de Dalt"},{"la":"ca","text":"Premià de Dalt"},{"la":"es","text":"Premià de Dalt"}]}',NULL)
,(186,1,8,'{"texts":[{"la":"eu","text":"Premià de Mar"},{"la":"ca","text":"Premià de Mar"},{"la":"es","text":"Premià de Mar"}]}',NULL)
,(187,1,8,'{"texts":[{"la":"eu","text":"Sant Andreu de Llavaneres"},{"la":"ca","text":"Sant Andreu de Llavaneres"},{"la":"es","text":"Sant Andreu de Llavaneres"}]}',NULL)
,(188,1,8,'{"texts":[{"la":"eu","text":"Sant Cebrià de Vallalta"},{"la":"ca","text":"Sant Cebrià de Vallalta"},{"la":"es","text":"Sant Cebrià de Vallalta"}]}',NULL)
,(189,1,8,'{"texts":[{"la":"eu","text":"Sant Iscle de Vallalta"},{"la":"ca","text":"Sant Iscle de Vallalta"},{"la":"es","text":"Sant Iscle de Vallalta"}]}',NULL)
,(190,1,8,'{"texts":[{"la":"eu","text":"Sant Pol de Mar"},{"la":"ca","text":"Sant Pol de Mar"},{"la":"es","text":"Sant Pol de Mar"}]}',NULL)
;
INSERT INTO town (ID,version,region_id,name,province_id) VALUES 
(191,1,8,'{"texts":[{"la":"eu","text":"Sant Vicenç de Montalt"},{"la":"ca","text":"Sant Vicenç de Montalt"},{"la":"es","text":"Sant Vicenç de Montalt"}]}',NULL)
,(192,1,8,'{"texts":[{"la":"eu","text":"Santa Susanna"},{"la":"ca","text":"Santa Susanna"},{"la":"es","text":"Santa Susanna"}]}',NULL)
,(193,1,8,'{"texts":[{"la":"eu","text":"Teià"},{"la":"ca","text":"Teià"},{"la":"es","text":"Teià"}]}',NULL)
,(194,1,8,'{"texts":[{"la":"eu","text":"Tiana"},{"la":"ca","text":"Tiana"},{"la":"es","text":"Tiana"}]}',NULL)
,(195,1,8,'{"texts":[{"la":"eu","text":"Tordera"},{"la":"ca","text":"Tordera"},{"la":"es","text":"Tordera"}]}',NULL)
,(196,1,8,'{"texts":[{"la":"eu","text":"Vilassar de Dalt"},{"la":"ca","text":"Vilassar de Dalt"},{"la":"es","text":"Vilassar de Dalt"}]}',NULL)
,(197,1,8,'{"texts":[{"la":"eu","text":"Vilassar de Mar"},{"la":"ca","text":"Vilassar de Mar"},{"la":"es","text":"Vilassar de Mar"}]}',NULL)
,(198,1,9,'{"texts":[{"la":"eu","text":"Alpens"},{"la":"ca","text":"Alpens"},{"la":"es","text":"Alpens"}]}',NULL)
,(199,1,9,'{"texts":[{"la":"eu","text":"Balenyà"},{"la":"ca","text":"Balenyà"},{"la":"es","text":"Balenyà"}]}',NULL)
,(200,1,9,'{"texts":[{"la":"eu","text":"Brull, El"},{"la":"ca","text":"Brull, El"},{"la":"es","text":"Brull, El"}]}',NULL)
;
INSERT INTO town (ID,version,region_id,name,province_id) VALUES 
(201,1,9,'{"texts":[{"la":"eu","text":"Calldetenes"},{"la":"ca","text":"Calldetenes"},{"la":"es","text":"Calldetenes"}]}',NULL)
,(202,1,9,'{"texts":[{"la":"eu","text":"Centelles"},{"la":"ca","text":"Centelles"},{"la":"es","text":"Centelles"}]}',NULL)
,(203,1,9,'{"texts":[{"la":"eu","text":"Collsuspina"},{"la":"ca","text":"Collsuspina"},{"la":"es","text":"Collsuspina"}]}',NULL)
,(204,1,9,'{"texts":[{"la":"eu","text":"Espinelves"},{"la":"ca","text":"Espinelves"},{"la":"es","text":"Espinelves"}]}',NULL)
,(205,1,9,'{"texts":[{"la":"eu","text":"Folgueroles"},{"la":"ca","text":"Folgueroles"},{"la":"es","text":"Folgueroles"}]}',NULL)
,(206,1,9,'{"texts":[{"la":"eu","text":"Gurb"},{"la":"ca","text":"Gurb"},{"la":"es","text":"Gurb"}]}',NULL)
,(207,1,9,'{"texts":[{"la":"eu","text":"Lluçà"},{"la":"ca","text":"Lluçà"},{"la":"es","text":"Lluçà"}]}',NULL)
,(208,1,9,'{"texts":[{"la":"eu","text":"Malla"},{"la":"ca","text":"Malla"},{"la":"es","text":"Malla"}]}',NULL)
,(209,1,9,'{"texts":[{"la":"eu","text":"Manlleu"},{"la":"ca","text":"Manlleu"},{"la":"es","text":"Manlleu"}]}',NULL)
,(210,1,9,'{"texts":[{"la":"eu","text":"Masies de Roda, Les"},{"la":"ca","text":"Masies de Roda, Les"},{"la":"es","text":"Masies de Roda, Les"}]}',NULL)
;
INSERT INTO town (ID,version,region_id,name,province_id) VALUES 
(211,1,9,'{"texts":[{"la":"eu","text":"Masies de Voltregà, Les"},{"la":"ca","text":"Masies de Voltregà, Les"},{"la":"es","text":"Masies de Voltregà, Les"}]}',NULL)
,(212,1,9,'{"texts":[{"la":"eu","text":"Montesquiu"},{"la":"ca","text":"Montesquiu"},{"la":"es","text":"Montesquiu"}]}',NULL)
,(213,1,9,'{"texts":[{"la":"eu","text":"Muntanyola"},{"la":"ca","text":"Muntanyola"},{"la":"es","text":"Muntanyola"}]}',NULL)
,(214,1,9,'{"texts":[{"la":"eu","text":"Olost"},{"la":"ca","text":"Olost"},{"la":"es","text":"Olost"}]}',NULL)
,(215,1,9,'{"texts":[{"la":"eu","text":"Orís"},{"la":"ca","text":"Orís"},{"la":"es","text":"Orís"}]}',NULL)
,(216,1,9,'{"texts":[{"la":"eu","text":"Oristà"},{"la":"ca","text":"Oristà"},{"la":"es","text":"Oristà"}]}',NULL)
,(217,1,9,'{"texts":[{"la":"eu","text":"Perafita"},{"la":"ca","text":"Perafita"},{"la":"es","text":"Perafita"}]}',NULL)
,(218,1,9,'{"texts":[{"la":"eu","text":"Prats de Lluçanès"},{"la":"ca","text":"Prats de Lluçanès"},{"la":"es","text":"Prats de Lluçanès"}]}',NULL)
,(219,1,9,'{"texts":[{"la":"eu","text":"Roda de Ter"},{"la":"ca","text":"Roda de Ter"},{"la":"es","text":"Roda de Ter"}]}',NULL)
,(220,1,9,'{"texts":[{"la":"eu","text":"Rupit i Pruit"},{"la":"ca","text":"Rupit i Pruit"},{"la":"es","text":"Rupit i Pruit"}]}',NULL)
;
INSERT INTO town (ID,version,region_id,name,province_id) VALUES 
(221,1,9,'{"texts":[{"la":"eu","text":"Sant Agustí de Lluçanès"},{"la":"ca","text":"Sant Agustí de Lluçanès"},{"la":"es","text":"Sant Agustí de Lluçanès"}]}',NULL)
,(222,1,9,'{"texts":[{"la":"eu","text":"Sant Bartomeu del Grau"},{"la":"ca","text":"Sant Bartomeu del Grau"},{"la":"es","text":"Sant Bartomeu del Grau"}]}',NULL)
,(223,1,9,'{"texts":[{"la":"eu","text":"Sant Boi de Lluçanès"},{"la":"ca","text":"Sant Boi de Lluçanès"},{"la":"es","text":"Sant Boi de Lluçanès"}]}',NULL)
,(224,1,9,'{"texts":[{"la":"eu","text":"Sant Hipòlit de Voltregà"},{"la":"ca","text":"Sant Hipòlit de Voltregà"},{"la":"es","text":"Sant Hipòlit de Voltregà"}]}',NULL)
,(225,1,9,'{"texts":[{"la":"eu","text":"Sant Julià de Vilatorta"},{"la":"ca","text":"Sant Julià de Vilatorta"},{"la":"es","text":"Sant Julià de Vilatorta"}]}',NULL)
,(226,2,9,'{"texts":[{"la":"eu","text":"Sant Martí d''Albars"},{"la":"ca","text":"Sant Martí d''Albars"},{"la":"es","text":"Sant Martí d''Albars"}]}',NULL)
,(227,1,9,'{"texts":[{"la":"eu","text":"Sant Martí de Centelles"},{"la":"ca","text":"Sant Martí de Centelles"},{"la":"es","text":"Sant Martí de Centelles"}]}',NULL)
,(228,1,9,'{"texts":[{"la":"eu","text":"Sant Pere de Torelló"},{"la":"ca","text":"Sant Pere de Torelló"},{"la":"es","text":"Sant Pere de Torelló"}]}',NULL)
,(229,1,9,'{"texts":[{"la":"eu","text":"Sant Quirze de Besora"},{"la":"ca","text":"Sant Quirze de Besora"},{"la":"es","text":"Sant Quirze de Besora"}]}',NULL)
,(230,1,9,'{"texts":[{"la":"eu","text":"Sant Sadurní d''Osormort"},{"la":"ca","text":"Sant Sadurní d''Osormort"},{"la":"es","text":"Sant Sadurní d''Osormort"}]}',NULL)
;
INSERT INTO town (ID,version,region_id,name,province_id) VALUES 
(231,1,9,'{"texts":[{"la":"eu","text":"Sant Vicenç de Torelló"},{"la":"ca","text":"Sant Vicenç de Torelló"},{"la":"es","text":"Sant Vicenç de Torelló"}]}',NULL)
,(232,1,9,'{"texts":[{"la":"eu","text":"Santa Cecília de Voltregà"},{"la":"ca","text":"Santa Cecília de Voltregà"},{"la":"es","text":"Santa Cecília de Voltregà"}]}',NULL)
,(233,1,9,'{"texts":[{"la":"eu","text":"Santa Eugènia de Berga"},{"la":"ca","text":"Santa Eugènia de Berga"},{"la":"es","text":"Santa Eugènia de Berga"}]}',NULL)
,(234,1,9,'{"texts":[{"la":"eu","text":"Santa Eulàlia de Riuprimer"},{"la":"ca","text":"Santa Eulàlia de Riuprimer"},{"la":"es","text":"Santa Eulàlia de Riuprimer"}]}',NULL)
,(235,1,9,'{"texts":[{"la":"eu","text":"Santa Maria de Besora"},{"la":"ca","text":"Santa Maria de Besora"},{"la":"es","text":"Santa Maria de Besora"}]}',NULL)
,(236,1,9,'{"texts":[{"la":"eu","text":"Santa Maria de Corcó"},{"la":"ca","text":"Santa Maria de Corcó"},{"la":"es","text":"Santa Maria de Corcó"}]}',NULL)
,(237,1,9,'{"texts":[{"la":"eu","text":"Seva"},{"la":"ca","text":"Seva"},{"la":"es","text":"Seva"}]}',NULL)
,(238,1,9,'{"texts":[{"la":"eu","text":"Sobremunt"},{"la":"ca","text":"Sobremunt"},{"la":"es","text":"Sobremunt"}]}',NULL)
,(239,1,9,'{"texts":[{"la":"eu","text":"Sora"},{"la":"ca","text":"Sora"},{"la":"es","text":"Sora"}]}',NULL)
,(240,1,9,'{"texts":[{"la":"eu","text":"Taradell"},{"la":"ca","text":"Taradell"},{"la":"es","text":"Taradell"}]}',NULL)
;
INSERT INTO town (ID,version,region_id,name,province_id) VALUES 
(241,1,9,'{"texts":[{"la":"eu","text":"Tavèrnoles"},{"la":"ca","text":"Tavèrnoles"},{"la":"es","text":"Tavèrnoles"}]}',NULL)
,(242,1,9,'{"texts":[{"la":"eu","text":"Tavertet"},{"la":"ca","text":"Tavertet"},{"la":"es","text":"Tavertet"}]}',NULL)
,(243,1,9,'{"texts":[{"la":"eu","text":"Tona"},{"la":"ca","text":"Tona"},{"la":"es","text":"Tona"}]}',NULL)
,(244,1,9,'{"texts":[{"la":"eu","text":"Torelló"},{"la":"ca","text":"Torelló"},{"la":"es","text":"Torelló"}]}',NULL)
,(245,1,9,'{"texts":[{"la":"eu","text":"Vic"},{"la":"ca","text":"Vic"},{"la":"es","text":"Vic"}]}',NULL)
,(246,1,9,'{"texts":[{"la":"eu","text":"Vidrà"},{"la":"ca","text":"Vidrà"},{"la":"es","text":"Vidrà"}]}',NULL)
,(247,1,9,'{"texts":[{"la":"eu","text":"Viladrau"},{"la":"ca","text":"Viladrau"},{"la":"es","text":"Viladrau"}]}',NULL)
,(248,1,9,'{"texts":[{"la":"eu","text":"Vilanova de Sau"},{"la":"ca","text":"Vilanova de Sau"},{"la":"es","text":"Vilanova de Sau"}]}',NULL)
,(249,2,10,'{"texts":[{"la":"eu","text":"Ametlla del Vallès, L''"},{"la":"ca","text":"Ametlla del Vallès, L''"},{"la":"es","text":"Ametlla del Vallès, L''"}]}',NULL)
,(250,1,10,'{"texts":[{"la":"eu","text":"Badia del Vallès"},{"la":"ca","text":"Badia del Vallès"},{"la":"es","text":"Badia del Vallès"}]}',NULL)
;
INSERT INTO town (ID,version,region_id,name,province_id) VALUES 
(251,1,10,'{"texts":[{"la":"eu","text":"Barberà del Vallès"},{"la":"ca","text":"Barberà del Vallès"},{"la":"es","text":"Barberà del Vallès"}]}',NULL)
,(252,1,10,'{"texts":[{"la":"eu","text":"Castellar del Vallès"},{"la":"ca","text":"Castellar del Vallès"},{"la":"es","text":"Castellar del Vallès"}]}',NULL)
,(253,1,10,'{"texts":[{"la":"eu","text":"Castellbisbal"},{"la":"ca","text":"Castellbisbal"},{"la":"es","text":"Castellbisbal"}]}',NULL)
,(254,1,10,'{"texts":[{"la":"eu","text":"Cerdanyola del Vallès"},{"la":"ca","text":"Cerdanyola del Vallès"},{"la":"es","text":"Cerdanyola del Vallès"}]}',NULL)
,(255,1,10,'{"texts":[{"la":"eu","text":"Gallifa"},{"la":"ca","text":"Gallifa"},{"la":"es","text":"Gallifa"}]}',NULL)
,(256,1,10,'{"texts":[{"la":"eu","text":"Matadepera"},{"la":"ca","text":"Matadepera"},{"la":"es","text":"Matadepera"}]}',NULL)
,(257,1,10,'{"texts":[{"la":"eu","text":"Montcada i Reixac"},{"la":"ca","text":"Montcada i Reixac"},{"la":"es","text":"Montcada i Reixac"}]}',NULL)
,(258,1,10,'{"texts":[{"la":"eu","text":"Palau-solità i Plegamans"},{"la":"ca","text":"Palau-solità i Plegamans"},{"la":"es","text":"Palau-solità i Plegamans"}]}',NULL)
,(259,1,10,'{"texts":[{"la":"eu","text":"Polinyà"},{"la":"ca","text":"Polinyà"},{"la":"es","text":"Polinyà"}]}',NULL)
,(260,1,10,'{"texts":[{"la":"eu","text":"Rellinars"},{"la":"ca","text":"Rellinars"},{"la":"es","text":"Rellinars"}]}',NULL)
;
INSERT INTO town (ID,version,region_id,name,province_id) VALUES 
(261,1,10,'{"texts":[{"la":"eu","text":"Ripollet"},{"la":"ca","text":"Ripollet"},{"la":"es","text":"Ripollet"}]}',NULL)
,(262,1,10,'{"texts":[{"la":"eu","text":"Rubí"},{"la":"ca","text":"Rubí"},{"la":"es","text":"Rubí"}]}',NULL)
,(263,1,10,'{"texts":[{"la":"eu","text":"Sabadell"},{"la":"ca","text":"Sabadell"},{"la":"es","text":"Sabadell"}]}',NULL)
,(264,1,10,'{"texts":[{"la":"eu","text":"Sant Cugat del Vallès"},{"la":"ca","text":"Sant Cugat del Vallès"},{"la":"es","text":"Sant Cugat del Vallès"}]}',NULL)
,(265,1,10,'{"texts":[{"la":"eu","text":"Sant Llorenç Savall"},{"la":"ca","text":"Sant Llorenç Savall"},{"la":"es","text":"Sant Llorenç Savall"}]}',NULL)
,(266,1,10,'{"texts":[{"la":"eu","text":"Sant Quirze del Vallès"},{"la":"ca","text":"Sant Quirze del Vallès"},{"la":"es","text":"Sant Quirze del Vallès"}]}',NULL)
,(267,1,10,'{"texts":[{"la":"eu","text":"Santa Perpètua de Mogoda"},{"la":"ca","text":"Santa Perpètua de Mogoda"},{"la":"es","text":"Santa Perpètua de Mogoda"}]}',NULL)
,(268,1,10,'{"texts":[{"la":"eu","text":"Sentmenat"},{"la":"ca","text":"Sentmenat"},{"la":"es","text":"Sentmenat"}]}',NULL)
,(269,1,10,'{"texts":[{"la":"eu","text":"Terrassa"},{"la":"ca","text":"Terrassa"},{"la":"es","text":"Terrassa"}]}',NULL)
,(270,1,10,'{"texts":[{"la":"eu","text":"Ullastrell"},{"la":"ca","text":"Ullastrell"},{"la":"es","text":"Ullastrell"}]}',NULL)
;
INSERT INTO town (ID,version,region_id,name,province_id) VALUES 
(271,1,10,'{"texts":[{"la":"eu","text":"Vacarisses"},{"la":"ca","text":"Vacarisses"},{"la":"es","text":"Vacarisses"}]}',NULL)
,(272,1,10,'{"texts":[{"la":"eu","text":"Viladecavalls"},{"la":"ca","text":"Viladecavalls"},{"la":"es","text":"Viladecavalls"}]}',NULL)
,(273,1,11,'{"texts":[{"la":"eu","text":"Aiguafreda"},{"la":"ca","text":"Aiguafreda"},{"la":"es","text":"Aiguafreda"}]}',NULL)
,(274,1,11,'{"texts":[{"la":"eu","text":"Bigues i Riells"},{"la":"ca","text":"Bigues i Riells"},{"la":"es","text":"Bigues i Riells"}]}',NULL)
,(275,1,11,'{"texts":[{"la":"eu","text":"Caldes de Montbui"},{"la":"ca","text":"Caldes de Montbui"},{"la":"es","text":"Caldes de Montbui"}]}',NULL)
,(276,1,11,'{"texts":[{"la":"eu","text":"Campins"},{"la":"ca","text":"Campins"},{"la":"es","text":"Campins"}]}',NULL)
,(277,1,11,'{"texts":[{"la":"eu","text":"Canovelles"},{"la":"ca","text":"Canovelles"},{"la":"es","text":"Canovelles"}]}',NULL)
,(278,1,11,'{"texts":[{"la":"eu","text":"Cànoves i Samalús"},{"la":"ca","text":"Cànoves i Samalús"},{"la":"es","text":"Cànoves i Samalús"}]}',NULL)
,(279,1,11,'{"texts":[{"la":"eu","text":"Cardedeu"},{"la":"ca","text":"Cardedeu"},{"la":"es","text":"Cardedeu"}]}',NULL)
,(280,1,11,'{"texts":[{"la":"eu","text":"Castellcir"},{"la":"ca","text":"Castellcir"},{"la":"es","text":"Castellcir"}]}',NULL)
;
INSERT INTO town (ID,version,region_id,name,province_id) VALUES 
(281,1,11,'{"texts":[{"la":"eu","text":"Castellterçol"},{"la":"ca","text":"Castellterçol"},{"la":"es","text":"Castellterçol"}]}',NULL)
,(282,1,11,'{"texts":[{"la":"eu","text":"Figaró-Montmany"},{"la":"ca","text":"Figaró-Montmany"},{"la":"es","text":"Figaró-Montmany"}]}',NULL)
,(283,1,11,'{"texts":[{"la":"eu","text":"Fogars de Montclús"},{"la":"ca","text":"Fogars de Montclús"},{"la":"es","text":"Fogars de Montclús"}]}',NULL)
,(284,1,11,'{"texts":[{"la":"eu","text":"Franqueses del Vallès, Les"},{"la":"ca","text":"Franqueses del Vallès, Les"},{"la":"es","text":"Franqueses del Vallès, Les"}]}',NULL)
,(285,1,11,'{"texts":[{"la":"eu","text":"Garriga, La"},{"la":"ca","text":"Garriga, La"},{"la":"es","text":"Garriga, La"}]}',NULL)
,(286,1,11,'{"texts":[{"la":"eu","text":"Granera"},{"la":"ca","text":"Granera"},{"la":"es","text":"Granera"}]}',NULL)
,(287,1,11,'{"texts":[{"la":"eu","text":"Granollers"},{"la":"ca","text":"Granollers"},{"la":"es","text":"Granollers"}]}',NULL)
,(288,1,11,'{"texts":[{"la":"eu","text":"Gualba"},{"la":"ca","text":"Gualba"},{"la":"es","text":"Gualba"}]}',NULL)
,(289,1,11,'{"texts":[{"la":"eu","text":"Llagosta, La"},{"la":"ca","text":"Llagosta, La"},{"la":"es","text":"Llagosta, La"}]}',NULL)
,(290,1,11,'{"texts":[{"la":"eu","text":"Lliçà d''Amunt"},{"la":"ca","text":"Lliçà d''Amunt"},{"la":"es","text":"Lliçà d''Amunt"}]}',NULL)
;
INSERT INTO town (ID,version,region_id,name,province_id) VALUES 
(291,1,11,'{"texts":[{"la":"eu","text":"Lliçà de Vall"},{"la":"ca","text":"Lliçà de Vall"},{"la":"es","text":"Lliçà de Vall"}]}',NULL)
,(292,1,11,'{"texts":[{"la":"eu","text":"Llinars del Vallès"},{"la":"ca","text":"Llinars del Vallès"},{"la":"es","text":"Llinars del Vallès"}]}',NULL)
,(293,1,11,'{"texts":[{"la":"eu","text":"Martorelles"},{"la":"ca","text":"Martorelles"},{"la":"es","text":"Martorelles"}]}',NULL)
,(294,1,11,'{"texts":[{"la":"eu","text":"Mollet del Vallès"},{"la":"ca","text":"Mollet del Vallès"},{"la":"es","text":"Mollet del Vallès"}]}',NULL)
,(295,1,11,'{"texts":[{"la":"eu","text":"Montmeló"},{"la":"ca","text":"Montmeló"},{"la":"es","text":"Montmeló"}]}',NULL)
,(296,1,11,'{"texts":[{"la":"eu","text":"Montornès del Vallès"},{"la":"ca","text":"Montornès del Vallès"},{"la":"es","text":"Montornès del Vallès"}]}',NULL)
,(297,1,11,'{"texts":[{"la":"eu","text":"Montseny"},{"la":"ca","text":"Montseny"},{"la":"es","text":"Montseny"}]}',NULL)
,(298,1,11,'{"texts":[{"la":"eu","text":"Parets del Vallès"},{"la":"ca","text":"Parets del Vallès"},{"la":"es","text":"Parets del Vallès"}]}',NULL)
,(299,1,11,'{"texts":[{"la":"eu","text":"Roca del Vallès, La"},{"la":"ca","text":"Roca del Vallès, La"},{"la":"es","text":"Roca del Vallès, La"}]}',NULL)
,(300,1,11,'{"texts":[{"la":"eu","text":"Sant Antoni de Vilamajor"},{"la":"ca","text":"Sant Antoni de Vilamajor"},{"la":"es","text":"Sant Antoni de Vilamajor"}]}',NULL)
;
INSERT INTO town (ID,version,region_id,name,province_id) VALUES 
(301,1,11,'{"texts":[{"la":"eu","text":"Sant Celoni"},{"la":"ca","text":"Sant Celoni"},{"la":"es","text":"Sant Celoni"}]}',NULL)
,(302,1,11,'{"texts":[{"la":"eu","text":"Sant Esteve de Palautordera"},{"la":"ca","text":"Sant Esteve de Palautordera"},{"la":"es","text":"Sant Esteve de Palautordera"}]}',NULL)
,(303,1,11,'{"texts":[{"la":"eu","text":"Sant Feliu de Codines"},{"la":"ca","text":"Sant Feliu de Codines"},{"la":"es","text":"Sant Feliu de Codines"}]}',NULL)
,(304,1,11,'{"texts":[{"la":"eu","text":"Sant Fost de Campsentelles"},{"la":"ca","text":"Sant Fost de Campsentelles"},{"la":"es","text":"Sant Fost de Campsentelles"}]}',NULL)
,(305,1,11,'{"texts":[{"la":"eu","text":"Sant Pere de Vilamajor"},{"la":"ca","text":"Sant Pere de Vilamajor"},{"la":"es","text":"Sant Pere de Vilamajor"}]}',NULL)
,(306,1,11,'{"texts":[{"la":"eu","text":"Sant Quirze Safaja"},{"la":"ca","text":"Sant Quirze Safaja"},{"la":"es","text":"Sant Quirze Safaja"}]}',NULL)
,(307,1,11,'{"texts":[{"la":"eu","text":"Santa Eulàlia de Ronçana"},{"la":"ca","text":"Santa Eulàlia de Ronçana"},{"la":"es","text":"Santa Eulàlia de Ronçana"}]}',NULL)
,(308,1,11,'{"texts":[{"la":"eu","text":"Santa Maria de Martorelles"},{"la":"ca","text":"Santa Maria de Martorelles"},{"la":"es","text":"Santa Maria de Martorelles"}]}',NULL)
,(309,1,11,'{"texts":[{"la":"eu","text":"Santa Maria de Palautordera"},{"la":"ca","text":"Santa Maria de Palautordera"},{"la":"es","text":"Santa Maria de Palautordera"}]}',NULL)
,(310,1,11,'{"texts":[{"la":"eu","text":"Tagamanent"},{"la":"ca","text":"Tagamanent"},{"la":"es","text":"Tagamanent"}]}',NULL)
;
INSERT INTO town (ID,version,region_id,name,province_id) VALUES 
(311,1,11,'{"texts":[{"la":"eu","text":"Vallgorguina"},{"la":"ca","text":"Vallgorguina"},{"la":"es","text":"Vallgorguina"}]}',NULL)
,(312,1,11,'{"texts":[{"la":"eu","text":"Vallromanes"},{"la":"ca","text":"Vallromanes"},{"la":"es","text":"Vallromanes"}]}',NULL)
,(313,1,11,'{"texts":[{"la":"eu","text":"Vilalba Sasserra"},{"la":"ca","text":"Vilalba Sasserra"},{"la":"es","text":"Vilalba Sasserra"}]}',NULL)
,(314,1,11,'{"texts":[{"la":"eu","text":"Vilanova del Vallès"},{"la":"ca","text":"Vilanova del Vallès"},{"la":"es","text":"Vilanova del Vallès"}]}',NULL)
,(315,1,12,'{"texts":[{"la":"eu","text":"Agullana"},{"la":"ca","text":"Agullana"},{"la":"es","text":"Agullana"}]}',NULL)
,(316,1,12,'{"texts":[{"la":"eu","text":"Albanyà"},{"la":"ca","text":"Albanyà"},{"la":"es","text":"Albanyà"}]}',NULL)
,(317,1,12,'{"texts":[{"la":"eu","text":"Armentera, L''"},{"la":"ca","text":"Armentera, L''"},{"la":"es","text":"Armentera, L''"}]}',NULL)
,(318,1,12,'{"texts":[{"la":"eu","text":"Avinyonet de Puigventós"},{"la":"ca","text":"Avinyonet de Puigventós"},{"la":"es","text":"Avinyonet de Puigventós"}]}',NULL)
,(319,1,12,'{"texts":[{"la":"eu","text":"Bàscara"},{"la":"ca","text":"Bàscara"},{"la":"es","text":"Bàscara"}]}',NULL)
,(320,1,12,'{"texts":[{"la":"eu","text":"Biure"},{"la":"ca","text":"Biure"},{"la":"es","text":"Biure"}]}',NULL)
;
INSERT INTO town (ID,version,region_id,name,province_id) VALUES 
(321,1,12,'{"texts":[{"la":"eu","text":"Boadella i les Escaules"},{"la":"ca","text":"Boadella i les Escaules"},{"la":"es","text":"Boadella i les Escaules"}]}',NULL)
,(322,1,12,'{"texts":[{"la":"eu","text":"Borrassà"},{"la":"ca","text":"Borrassà"},{"la":"es","text":"Borrassà"}]}',NULL)
,(323,1,12,'{"texts":[{"la":"eu","text":"Cabanelles"},{"la":"ca","text":"Cabanelles"},{"la":"es","text":"Cabanelles"}]}',NULL)
,(324,1,12,'{"texts":[{"la":"eu","text":"Cabanes"},{"la":"ca","text":"Cabanes"},{"la":"es","text":"Cabanes"}]}',NULL)
,(325,1,12,'{"texts":[{"la":"eu","text":"Cadaqués"},{"la":"ca","text":"Cadaqués"},{"la":"es","text":"Cadaqués"}]}',NULL)
,(326,1,12,'{"texts":[{"la":"eu","text":"Cantallops"},{"la":"ca","text":"Cantallops"},{"la":"es","text":"Cantallops"}]}',NULL)
,(327,1,12,'{"texts":[{"la":"eu","text":"Capmany"},{"la":"ca","text":"Capmany"},{"la":"es","text":"Capmany"}]}',NULL)
,(328,1,12,'{"texts":[{"la":"eu","text":"Castelló d''Empúries"},{"la":"ca","text":"Castelló d''Empúries"},{"la":"es","text":"Castelló d''Empúries"}]}',NULL)
,(329,1,12,'{"texts":[{"la":"eu","text":"Cistella"},{"la":"ca","text":"Cistella"},{"la":"es","text":"Cistella"}]}',NULL)
,(330,1,12,'{"texts":[{"la":"eu","text":"Colera"},{"la":"ca","text":"Colera"},{"la":"es","text":"Colera"}]}',NULL)
;
INSERT INTO town (ID,version,region_id,name,province_id) VALUES 
(331,1,12,'{"texts":[{"la":"eu","text":"Darnius"},{"la":"ca","text":"Darnius"},{"la":"es","text":"Darnius"}]}',NULL)
,(332,1,12,'{"texts":[{"la":"eu","text":"Escala, L''"},{"la":"ca","text":"Escala, L''"},{"la":"es","text":"Escala, L''"}]}',NULL)
,(333,1,12,'{"texts":[{"la":"eu","text":"Espolla"},{"la":"ca","text":"Espolla"},{"la":"es","text":"Espolla"}]}',NULL)
,(334,1,12,'{"texts":[{"la":"eu","text":"Far d''Empordà, El"},{"la":"ca","text":"Far d''Empordà, El"},{"la":"es","text":"Far d''Empordà, El"}]}',NULL)
,(335,1,12,'{"texts":[{"la":"eu","text":"Figueres"},{"la":"ca","text":"Figueres"},{"la":"es","text":"Figueres"}]}',NULL)
,(336,1,12,'{"texts":[{"la":"eu","text":"Fortià"},{"la":"ca","text":"Fortià"},{"la":"es","text":"Fortià"}]}',NULL)
,(337,1,12,'{"texts":[{"la":"eu","text":"Garrigàs"},{"la":"ca","text":"Garrigàs"},{"la":"es","text":"Garrigàs"}]}',NULL)
,(338,1,12,'{"texts":[{"la":"eu","text":"Garriguella"},{"la":"ca","text":"Garriguella"},{"la":"es","text":"Garriguella"}]}',NULL)
,(339,1,12,'{"texts":[{"la":"eu","text":"Jonquera, La"},{"la":"ca","text":"Jonquera, La"},{"la":"es","text":"Jonquera, La"}]}',NULL)
,(340,1,12,'{"texts":[{"la":"eu","text":"Lladó"},{"la":"ca","text":"Lladó"},{"la":"es","text":"Lladó"}]}',NULL)
;
INSERT INTO town (ID,version,region_id,name,province_id) VALUES 
(341,1,12,'{"texts":[{"la":"eu","text":"Llançà"},{"la":"ca","text":"Llançà"},{"la":"es","text":"Llançà"}]}',NULL)
,(342,1,12,'{"texts":[{"la":"eu","text":"Llers"},{"la":"ca","text":"Llers"},{"la":"es","text":"Llers"}]}',NULL)
,(343,1,12,'{"texts":[{"la":"eu","text":"Maçanet de Cabrenys"},{"la":"ca","text":"Maçanet de Cabrenys"},{"la":"es","text":"Maçanet de Cabrenys"}]}',NULL)
,(344,1,12,'{"texts":[{"la":"eu","text":"Masarac"},{"la":"ca","text":"Masarac"},{"la":"es","text":"Masarac"}]}',NULL)
,(345,1,12,'{"texts":[{"la":"eu","text":"Mollet de Peralada"},{"la":"ca","text":"Mollet de Peralada"},{"la":"es","text":"Mollet de Peralada"}]}',NULL)
,(346,1,12,'{"texts":[{"la":"eu","text":"Navata"},{"la":"ca","text":"Navata"},{"la":"es","text":"Navata"}]}',NULL)
,(347,1,12,'{"texts":[{"la":"eu","text":"Ordis"},{"la":"ca","text":"Ordis"},{"la":"es","text":"Ordis"}]}',NULL)
,(348,1,12,'{"texts":[{"la":"eu","text":"Palau de Santa Eulàlia"},{"la":"ca","text":"Palau de Santa Eulàlia"},{"la":"es","text":"Palau de Santa Eulàlia"}]}',NULL)
,(349,1,12,'{"texts":[{"la":"eu","text":"Palau-saverdera"},{"la":"ca","text":"Palau-saverdera"},{"la":"es","text":"Palau-saverdera"}]}',NULL)
,(350,1,12,'{"texts":[{"la":"eu","text":"Pau"},{"la":"ca","text":"Pau"},{"la":"es","text":"Pau"}]}',NULL)
;
INSERT INTO town (ID,version,region_id,name,province_id) VALUES 
(351,1,12,'{"texts":[{"la":"eu","text":"Pedret i Marzà"},{"la":"ca","text":"Pedret i Marzà"},{"la":"es","text":"Pedret i Marzà"}]}',NULL)
,(352,1,12,'{"texts":[{"la":"eu","text":"Peralada"},{"la":"ca","text":"Peralada"},{"la":"es","text":"Peralada"}]}',NULL)
,(353,1,12,'{"texts":[{"la":"eu","text":"Pont de Molins"},{"la":"ca","text":"Pont de Molins"},{"la":"es","text":"Pont de Molins"}]}',NULL)
,(354,1,12,'{"texts":[{"la":"eu","text":"Pontós"},{"la":"ca","text":"Pontós"},{"la":"es","text":"Pontós"}]}',NULL)
,(355,1,12,'{"texts":[{"la":"eu","text":"Port de la Selva, El"},{"la":"ca","text":"Port de la Selva, El"},{"la":"es","text":"Port de la Selva, El"}]}',NULL)
,(356,1,12,'{"texts":[{"la":"eu","text":"Portbou"},{"la":"ca","text":"Portbou"},{"la":"es","text":"Portbou"}]}',NULL)
,(357,1,12,'{"texts":[{"la":"eu","text":"Rabós"},{"la":"ca","text":"Rabós"},{"la":"es","text":"Rabós"}]}',NULL)
,(358,1,12,'{"texts":[{"la":"eu","text":"Riumors"},{"la":"ca","text":"Riumors"},{"la":"es","text":"Riumors"}]}',NULL)
,(359,1,12,'{"texts":[{"la":"eu","text":"Roses"},{"la":"ca","text":"Roses"},{"la":"es","text":"Roses"}]}',NULL)
,(360,1,12,'{"texts":[{"la":"eu","text":"Sant Climent Sescebes"},{"la":"ca","text":"Sant Climent Sescebes"},{"la":"es","text":"Sant Climent Sescebes"}]}',NULL)
;
INSERT INTO town (ID,version,region_id,name,province_id) VALUES 
(361,1,12,'{"texts":[{"la":"eu","text":"Sant Llorenç de la Muga"},{"la":"ca","text":"Sant Llorenç de la Muga"},{"la":"es","text":"Sant Llorenç de la Muga"}]}',NULL)
,(362,1,12,'{"texts":[{"la":"eu","text":"Sant Miquel de Fluvià"},{"la":"ca","text":"Sant Miquel de Fluvià"},{"la":"es","text":"Sant Miquel de Fluvià"}]}',NULL)
,(363,1,12,'{"texts":[{"la":"eu","text":"Sant Mori"},{"la":"ca","text":"Sant Mori"},{"la":"es","text":"Sant Mori"}]}',NULL)
,(364,1,12,'{"texts":[{"la":"eu","text":"Sant Pere Pescador"},{"la":"ca","text":"Sant Pere Pescador"},{"la":"es","text":"Sant Pere Pescador"}]}',NULL)
,(365,1,12,'{"texts":[{"la":"eu","text":"Santa Llogaia d''Àlguema"},{"la":"ca","text":"Santa Llogaia d''Àlguema"},{"la":"es","text":"Santa Llogaia d''Àlguema"}]}',NULL)
,(366,1,12,'{"texts":[{"la":"eu","text":"Saus, Camallera i Llampaies"},{"la":"ca","text":"Saus, Camallera i Llampaies"},{"la":"es","text":"Saus, Camallera i Llampaies"}]}',NULL)
,(367,1,12,'{"texts":[{"la":"eu","text":"Selva de Mar, La"},{"la":"ca","text":"Selva de Mar, La"},{"la":"es","text":"Selva de Mar, La"}]}',NULL)
,(368,1,12,'{"texts":[{"la":"eu","text":"Siurana"},{"la":"ca","text":"Siurana"},{"la":"es","text":"Siurana"}]}',NULL)
,(369,1,12,'{"texts":[{"la":"eu","text":"Terrades"},{"la":"ca","text":"Terrades"},{"la":"es","text":"Terrades"}]}',NULL)
,(370,1,12,'{"texts":[{"la":"eu","text":"Torroella de Fluvià"},{"la":"ca","text":"Torroella de Fluvià"},{"la":"es","text":"Torroella de Fluvià"}]}',NULL)
;
INSERT INTO town (ID,version,region_id,name,province_id) VALUES 
(371,1,12,'{"texts":[{"la":"eu","text":"Vajol, La"},{"la":"ca","text":"Vajol, La"},{"la":"es","text":"Vajol, La"}]}',NULL)
,(372,1,12,'{"texts":[{"la":"eu","text":"Ventalló"},{"la":"ca","text":"Ventalló"},{"la":"es","text":"Ventalló"}]}',NULL)
,(373,1,12,'{"texts":[{"la":"eu","text":"Vilabertran"},{"la":"ca","text":"Vilabertran"},{"la":"es","text":"Vilabertran"}]}',NULL)
,(374,1,12,'{"texts":[{"la":"eu","text":"Viladamat"},{"la":"ca","text":"Viladamat"},{"la":"es","text":"Viladamat"}]}',NULL)
,(375,1,12,'{"texts":[{"la":"eu","text":"Vilafant"},{"la":"ca","text":"Vilafant"},{"la":"es","text":"Vilafant"}]}',NULL)
,(376,1,12,'{"texts":[{"la":"eu","text":"Vilajuïga"},{"la":"ca","text":"Vilajuïga"},{"la":"es","text":"Vilajuïga"}]}',NULL)
,(377,1,12,'{"texts":[{"la":"eu","text":"Vilamacolum"},{"la":"ca","text":"Vilamacolum"},{"la":"es","text":"Vilamacolum"}]}',NULL)
,(378,1,12,'{"texts":[{"la":"eu","text":"Vilamalla"},{"la":"ca","text":"Vilamalla"},{"la":"es","text":"Vilamalla"}]}',NULL)
,(379,1,12,'{"texts":[{"la":"eu","text":"Vilamaniscle"},{"la":"ca","text":"Vilamaniscle"},{"la":"es","text":"Vilamaniscle"}]}',NULL)
,(380,1,12,'{"texts":[{"la":"eu","text":"Vilanant"},{"la":"ca","text":"Vilanant"},{"la":"es","text":"Vilanant"}]}',NULL)
;
INSERT INTO town (ID,version,region_id,name,province_id) VALUES 
(381,1,12,'{"texts":[{"la":"eu","text":"Vila-sacra"},{"la":"ca","text":"Vila-sacra"},{"la":"es","text":"Vila-sacra"}]}',NULL)
,(382,1,12,'{"texts":[{"la":"eu","text":"Vilaür"},{"la":"ca","text":"Vilaür"},{"la":"es","text":"Vilaür"}]}',NULL)
,(383,1,13,'{"texts":[{"la":"eu","text":"Albons"},{"la":"ca","text":"Albons"},{"la":"es","text":"Albons"}]}',NULL)
,(384,1,13,'{"texts":[{"la":"eu","text":"Begur"},{"la":"ca","text":"Begur"},{"la":"es","text":"Begur"}]}',NULL)
,(385,1,13,'{"texts":[{"la":"eu","text":"Bellcaire d''Empordà"},{"la":"ca","text":"Bellcaire d''Empordà"},{"la":"es","text":"Bellcaire d''Empordà"}]}',NULL)
,(386,1,13,'{"texts":[{"la":"eu","text":"Bisbal d''Empordà, La"},{"la":"ca","text":"Bisbal d''Empordà, La"},{"la":"es","text":"Bisbal d''Empordà, La"}]}',NULL)
,(387,1,13,'{"texts":[{"la":"eu","text":"Calonge"},{"la":"ca","text":"Calonge"},{"la":"es","text":"Calonge"}]}',NULL)
,(388,1,13,'{"texts":[{"la":"eu","text":"Castell-Platja d''Aro"},{"la":"ca","text":"Castell-Platja d''Aro"},{"la":"es","text":"Castell-Platja d''Aro"}]}',NULL)
,(389,1,13,'{"texts":[{"la":"eu","text":"Colomers"},{"la":"ca","text":"Colomers"},{"la":"es","text":"Colomers"}]}',NULL)
,(390,1,13,'{"texts":[{"la":"eu","text":"Corçà"},{"la":"ca","text":"Corçà"},{"la":"es","text":"Corçà"}]}',NULL)
;
INSERT INTO town (ID,version,region_id,name,province_id) VALUES 
(391,1,13,'{"texts":[{"la":"eu","text":"Cruïlles, Monells i Sant Sadurní de l''Heura"},{"la":"ca","text":"Cruïlles, Monells i Sant Sadurní de l''Heura"},{"la":"es","text":"Cruïlles, Monells i Sant Sadurní de l''Heura"}]}',NULL)
,(392,1,13,'{"texts":[{"la":"eu","text":"Foixà"},{"la":"ca","text":"Foixà"},{"la":"es","text":"Foixà"}]}',NULL)
,(393,1,13,'{"texts":[{"la":"eu","text":"Fontanilles"},{"la":"ca","text":"Fontanilles"},{"la":"es","text":"Fontanilles"}]}',NULL)
,(394,1,13,'{"texts":[{"la":"eu","text":"Forallac"},{"la":"ca","text":"Forallac"},{"la":"es","text":"Forallac"}]}',NULL)
,(395,1,13,'{"texts":[{"la":"eu","text":"Garrigoles"},{"la":"ca","text":"Garrigoles"},{"la":"es","text":"Garrigoles"}]}',NULL)
,(396,1,13,'{"texts":[{"la":"eu","text":"Gualta"},{"la":"ca","text":"Gualta"},{"la":"es","text":"Gualta"}]}',NULL)
,(397,1,13,'{"texts":[{"la":"eu","text":"Jafre"},{"la":"ca","text":"Jafre"},{"la":"es","text":"Jafre"}]}',NULL)
,(398,1,13,'{"texts":[{"la":"eu","text":"Mont-ras"},{"la":"ca","text":"Mont-ras"},{"la":"es","text":"Mont-ras"}]}',NULL)
,(399,1,13,'{"texts":[{"la":"eu","text":"Palafrugell"},{"la":"ca","text":"Palafrugell"},{"la":"es","text":"Palafrugell"}]}',NULL)
,(400,1,13,'{"texts":[{"la":"eu","text":"Palamós"},{"la":"ca","text":"Palamós"},{"la":"es","text":"Palamós"}]}',NULL)
;
INSERT INTO town (ID,version,region_id,name,province_id) VALUES 
(401,1,13,'{"texts":[{"la":"eu","text":"Palau-sator"},{"la":"ca","text":"Palau-sator"},{"la":"es","text":"Palau-sator"}]}',NULL)
,(402,1,13,'{"texts":[{"la":"eu","text":"Pals"},{"la":"ca","text":"Pals"},{"la":"es","text":"Pals"}]}',NULL)
,(403,1,13,'{"texts":[{"la":"eu","text":"Parlavà"},{"la":"ca","text":"Parlavà"},{"la":"es","text":"Parlavà"}]}',NULL)
,(404,1,13,'{"texts":[{"la":"eu","text":"Pera, La"},{"la":"ca","text":"Pera, La"},{"la":"es","text":"Pera, La"}]}',NULL)
,(405,1,13,'{"texts":[{"la":"eu","text":"Regencós"},{"la":"ca","text":"Regencós"},{"la":"es","text":"Regencós"}]}',NULL)
,(406,1,13,'{"texts":[{"la":"eu","text":"Rupià"},{"la":"ca","text":"Rupià"},{"la":"es","text":"Rupià"}]}',NULL)
,(407,1,13,'{"texts":[{"la":"eu","text":"Sant Feliu de Guíxols"},{"la":"ca","text":"Sant Feliu de Guíxols"},{"la":"es","text":"Sant Feliu de Guíxols"}]}',NULL)
,(408,1,13,'{"texts":[{"la":"eu","text":"Santa Cristina d''Aro"},{"la":"ca","text":"Santa Cristina d''Aro"},{"la":"es","text":"Santa Cristina d''Aro"}]}',NULL)
,(409,1,13,'{"texts":[{"la":"eu","text":"Serra de Daró"},{"la":"ca","text":"Serra de Daró"},{"la":"es","text":"Serra de Daró"}]}',NULL)
,(410,1,13,'{"texts":[{"la":"eu","text":"Tallada d''Empordà, La"},{"la":"ca","text":"Tallada d''Empordà, La"},{"la":"es","text":"Tallada d''Empordà, La"}]}',NULL)
;
INSERT INTO town (ID,version,region_id,name,province_id) VALUES 
(411,1,13,'{"texts":[{"la":"eu","text":"Torrent"},{"la":"ca","text":"Torrent"},{"la":"es","text":"Torrent"}]}',NULL)
,(412,1,13,'{"texts":[{"la":"eu","text":"Torroella de Montgrí"},{"la":"ca","text":"Torroella de Montgrí"},{"la":"es","text":"Torroella de Montgrí"}]}',NULL)
,(413,1,13,'{"texts":[{"la":"eu","text":"Ullà"},{"la":"ca","text":"Ullà"},{"la":"es","text":"Ullà"}]}',NULL)
,(414,1,13,'{"texts":[{"la":"eu","text":"Ullastret"},{"la":"ca","text":"Ullastret"},{"la":"es","text":"Ullastret"}]}',NULL)
,(415,1,13,'{"texts":[{"la":"eu","text":"Ultramort"},{"la":"ca","text":"Ultramort"},{"la":"es","text":"Ultramort"}]}',NULL)
,(416,1,13,'{"texts":[{"la":"eu","text":"Vall-llobrega"},{"la":"ca","text":"Vall-llobrega"},{"la":"es","text":"Vall-llobrega"}]}',NULL)
,(417,1,13,'{"texts":[{"la":"eu","text":"Verges"},{"la":"ca","text":"Verges"},{"la":"es","text":"Verges"}]}',NULL)
,(418,1,13,'{"texts":[{"la":"eu","text":"Vilopriu"},{"la":"ca","text":"Vilopriu"},{"la":"es","text":"Vilopriu"}]}',NULL)
,(419,1,14,'{"texts":[{"la":"eu","text":"Alp"},{"la":"ca","text":"Alp"},{"la":"es","text":"Alp"}]}',NULL)
,(420,1,14,'{"texts":[{"la":"eu","text":"Bellver de Cerdanya"},{"la":"ca","text":"Bellver de Cerdanya"},{"la":"es","text":"Bellver de Cerdanya"}]}',NULL)
;
INSERT INTO town (ID,version,region_id,name,province_id) VALUES 
(421,1,14,'{"texts":[{"la":"eu","text":"Bolvir"},{"la":"ca","text":"Bolvir"},{"la":"es","text":"Bolvir"}]}',NULL)
,(422,1,14,'{"texts":[{"la":"eu","text":"Das"},{"la":"ca","text":"Das"},{"la":"es","text":"Das"}]}',NULL)
,(423,1,14,'{"texts":[{"la":"eu","text":"Fontanals de Cerdanya"},{"la":"ca","text":"Fontanals de Cerdanya"},{"la":"es","text":"Fontanals de Cerdanya"}]}',NULL)
,(424,1,14,'{"texts":[{"la":"eu","text":"Ger"},{"la":"ca","text":"Ger"},{"la":"es","text":"Ger"}]}',NULL)
,(425,1,14,'{"texts":[{"la":"eu","text":"Guils de Cerdanya"},{"la":"ca","text":"Guils de Cerdanya"},{"la":"es","text":"Guils de Cerdanya"}]}',NULL)
,(426,1,14,'{"texts":[{"la":"eu","text":"Isòvol"},{"la":"ca","text":"Isòvol"},{"la":"es","text":"Isòvol"}]}',NULL)
,(427,1,14,'{"texts":[{"la":"eu","text":"Lles de Cerdanya"},{"la":"ca","text":"Lles de Cerdanya"},{"la":"es","text":"Lles de Cerdanya"}]}',NULL)
,(428,1,14,'{"texts":[{"la":"eu","text":"Llívia"},{"la":"ca","text":"Llívia"},{"la":"es","text":"Llívia"}]}',NULL)
,(429,1,14,'{"texts":[{"la":"eu","text":"Meranges"},{"la":"ca","text":"Meranges"},{"la":"es","text":"Meranges"}]}',NULL)
,(430,1,14,'{"texts":[{"la":"eu","text":"Montellà i Martinet"},{"la":"ca","text":"Montellà i Martinet"},{"la":"es","text":"Montellà i Martinet"}]}',NULL)
;
INSERT INTO town (ID,version,region_id,name,province_id) VALUES 
(431,1,14,'{"texts":[{"la":"eu","text":"Prats i Sansor"},{"la":"ca","text":"Prats i Sansor"},{"la":"es","text":"Prats i Sansor"}]}',NULL)
,(432,1,14,'{"texts":[{"la":"eu","text":"Prullans"},{"la":"ca","text":"Prullans"},{"la":"es","text":"Prullans"}]}',NULL)
,(433,1,14,'{"texts":[{"la":"eu","text":"Puigcerdà"},{"la":"ca","text":"Puigcerdà"},{"la":"es","text":"Puigcerdà"}]}',NULL)
,(434,1,14,'{"texts":[{"la":"eu","text":"Riu de Cerdanya"},{"la":"ca","text":"Riu de Cerdanya"},{"la":"es","text":"Riu de Cerdanya"}]}',NULL)
,(435,1,14,'{"texts":[{"la":"eu","text":"Urús"},{"la":"ca","text":"Urús"},{"la":"es","text":"Urús"}]}',NULL)
,(436,1,15,'{"texts":[{"la":"eu","text":"Argelaguer"},{"la":"ca","text":"Argelaguer"},{"la":"es","text":"Argelaguer"}]}',NULL)
,(437,1,15,'{"texts":[{"la":"eu","text":"Besalú"},{"la":"ca","text":"Besalú"},{"la":"es","text":"Besalú"}]}',NULL)
,(438,1,15,'{"texts":[{"la":"eu","text":"Beuda"},{"la":"ca","text":"Beuda"},{"la":"es","text":"Beuda"}]}',NULL)
,(439,1,15,'{"texts":[{"la":"eu","text":"Castellfollit de la Roca"},{"la":"ca","text":"Castellfollit de la Roca"},{"la":"es","text":"Castellfollit de la Roca"}]}',NULL)
,(440,1,15,'{"texts":[{"la":"eu","text":"Maià de Montcal"},{"la":"ca","text":"Maià de Montcal"},{"la":"es","text":"Maià de Montcal"}]}',NULL)
;
INSERT INTO town (ID,version,region_id,name,province_id) VALUES 
(441,1,15,'{"texts":[{"la":"eu","text":"Mieres"},{"la":"ca","text":"Mieres"},{"la":"es","text":"Mieres"}]}',NULL)
,(442,1,15,'{"texts":[{"la":"eu","text":"Montagut i Oix"},{"la":"ca","text":"Montagut i Oix"},{"la":"es","text":"Montagut i Oix"}]}',NULL)
,(443,1,15,'{"texts":[{"la":"eu","text":"Olot"},{"la":"ca","text":"Olot"},{"la":"es","text":"Olot"}]}',NULL)
,(444,1,15,'{"texts":[{"la":"eu","text":"Planes d''Hostoles, Les"},{"la":"ca","text":"Planes d''Hostoles, Les"},{"la":"es","text":"Planes d''Hostoles, Les"}]}',NULL)
,(445,1,15,'{"texts":[{"la":"eu","text":"Preses, Les"},{"la":"ca","text":"Preses, Les"},{"la":"es","text":"Preses, Les"}]}',NULL)
,(446,1,15,'{"texts":[{"la":"eu","text":"Riudaura"},{"la":"ca","text":"Riudaura"},{"la":"es","text":"Riudaura"}]}',NULL)
,(447,1,15,'{"texts":[{"la":"eu","text":"Sales de Llierca"},{"la":"ca","text":"Sales de Llierca"},{"la":"es","text":"Sales de Llierca"}]}',NULL)
,(448,1,15,'{"texts":[{"la":"eu","text":"Sant Aniol de Finestres"},{"la":"ca","text":"Sant Aniol de Finestres"},{"la":"es","text":"Sant Aniol de Finestres"}]}',NULL)
,(449,1,15,'{"texts":[{"la":"eu","text":"Sant Feliu de Pallerols"},{"la":"ca","text":"Sant Feliu de Pallerols"},{"la":"es","text":"Sant Feliu de Pallerols"}]}',NULL)
,(450,1,15,'{"texts":[{"la":"eu","text":"Sant Ferriol"},{"la":"ca","text":"Sant Ferriol"},{"la":"es","text":"Sant Ferriol"}]}',NULL)
;
INSERT INTO town (ID,version,region_id,name,province_id) VALUES 
(451,1,15,'{"texts":[{"la":"eu","text":"Sant Jaume de Llierca"},{"la":"ca","text":"Sant Jaume de Llierca"},{"la":"es","text":"Sant Jaume de Llierca"}]}',NULL)
,(452,1,15,'{"texts":[{"la":"eu","text":"Sant Joan les Fonts"},{"la":"ca","text":"Sant Joan les Fonts"},{"la":"es","text":"Sant Joan les Fonts"}]}',NULL)
,(453,1,15,'{"texts":[{"la":"eu","text":"Santa Pau"},{"la":"ca","text":"Santa Pau"},{"la":"es","text":"Santa Pau"}]}',NULL)
,(454,1,15,'{"texts":[{"la":"eu","text":"Tortellà"},{"la":"ca","text":"Tortellà"},{"la":"es","text":"Tortellà"}]}',NULL)
,(455,1,15,'{"texts":[{"la":"eu","text":"Vall de Bianya, La"},{"la":"ca","text":"Vall de Bianya, La"},{"la":"es","text":"Vall de Bianya, La"}]}',NULL)
,(456,1,15,'{"texts":[{"la":"eu","text":"Vall d''en Bas, La"},{"la":"ca","text":"Vall d''en Bas, La"},{"la":"es","text":"Vall d''en Bas, La"}]}',NULL)
,(457,1,16,'{"texts":[{"la":"eu","text":"Aiguaviva"},{"la":"ca","text":"Aiguaviva"},{"la":"es","text":"Aiguaviva"}]}',NULL)
,(458,1,16,'{"texts":[{"la":"eu","text":"Bescanó"},{"la":"ca","text":"Bescanó"},{"la":"es","text":"Bescanó"}]}',NULL)
,(459,1,16,'{"texts":[{"la":"eu","text":"Bordils"},{"la":"ca","text":"Bordils"},{"la":"es","text":"Bordils"}]}',NULL)
,(460,1,16,'{"texts":[{"la":"eu","text":"Campllong"},{"la":"ca","text":"Campllong"},{"la":"es","text":"Campllong"}]}',NULL)
;
INSERT INTO town (ID,version,region_id,name,province_id) VALUES 
(461,1,16,'{"texts":[{"la":"eu","text":"Canet d''Adri"},{"la":"ca","text":"Canet d''Adri"},{"la":"es","text":"Canet d''Adri"}]}',NULL)
,(462,1,16,'{"texts":[{"la":"eu","text":"Cassà de la Selva"},{"la":"ca","text":"Cassà de la Selva"},{"la":"es","text":"Cassà de la Selva"}]}',NULL)
,(463,1,16,'{"texts":[{"la":"eu","text":"Celrà"},{"la":"ca","text":"Celrà"},{"la":"es","text":"Celrà"}]}',NULL)
,(464,1,16,'{"texts":[{"la":"eu","text":"Cervià de Ter"},{"la":"ca","text":"Cervià de Ter"},{"la":"es","text":"Cervià de Ter"}]}',NULL)
,(465,1,16,'{"texts":[{"la":"eu","text":"Flaçà"},{"la":"ca","text":"Flaçà"},{"la":"es","text":"Flaçà"}]}',NULL)
,(466,1,16,'{"texts":[{"la":"eu","text":"Fornells de la Selva"},{"la":"ca","text":"Fornells de la Selva"},{"la":"es","text":"Fornells de la Selva"}]}',NULL)
,(467,1,16,'{"texts":[{"la":"eu","text":"Girona"},{"la":"ca","text":"Girona"},{"la":"es","text":"Girona"}]}',NULL)
,(468,1,16,'{"texts":[{"la":"eu","text":"Juià"},{"la":"ca","text":"Juià"},{"la":"es","text":"Juià"}]}',NULL)
,(469,1,16,'{"texts":[{"la":"eu","text":"Llagostera"},{"la":"ca","text":"Llagostera"},{"la":"es","text":"Llagostera"}]}',NULL)
,(470,1,16,'{"texts":[{"la":"eu","text":"Llambilles"},{"la":"ca","text":"Llambilles"},{"la":"es","text":"Llambilles"}]}',NULL)
;
INSERT INTO town (ID,version,region_id,name,province_id) VALUES 
(471,1,16,'{"texts":[{"la":"eu","text":"Madremanya"},{"la":"ca","text":"Madremanya"},{"la":"es","text":"Madremanya"}]}',NULL)
,(472,1,16,'{"texts":[{"la":"eu","text":"Quart"},{"la":"ca","text":"Quart"},{"la":"es","text":"Quart"}]}',NULL)
,(473,1,16,'{"texts":[{"la":"eu","text":"Salt"},{"la":"ca","text":"Salt"},{"la":"es","text":"Salt"}]}',NULL)
,(474,1,16,'{"texts":[{"la":"eu","text":"Sant Andreu Salou"},{"la":"ca","text":"Sant Andreu Salou"},{"la":"es","text":"Sant Andreu Salou"}]}',NULL)
,(475,1,16,'{"texts":[{"la":"eu","text":"Sant Gregori"},{"la":"ca","text":"Sant Gregori"},{"la":"es","text":"Sant Gregori"}]}',NULL)
,(476,1,16,'{"texts":[{"la":"eu","text":"Sant Joan de Mollet"},{"la":"ca","text":"Sant Joan de Mollet"},{"la":"es","text":"Sant Joan de Mollet"}]}',NULL)
,(477,1,16,'{"texts":[{"la":"eu","text":"Sant Jordi Desvalls"},{"la":"ca","text":"Sant Jordi Desvalls"},{"la":"es","text":"Sant Jordi Desvalls"}]}',NULL)
,(478,1,16,'{"texts":[{"la":"eu","text":"Sant Julià de Ramis"},{"la":"ca","text":"Sant Julià de Ramis"},{"la":"es","text":"Sant Julià de Ramis"}]}',NULL)
,(479,1,16,'{"texts":[{"la":"eu","text":"Sant Martí de Llémena"},{"la":"ca","text":"Sant Martí de Llémena"},{"la":"es","text":"Sant Martí de Llémena"}]}',NULL)
,(480,1,16,'{"texts":[{"la":"eu","text":"Sant Martí Vell"},{"la":"ca","text":"Sant Martí Vell"},{"la":"es","text":"Sant Martí Vell"}]}',NULL)
;
INSERT INTO town (ID,version,region_id,name,province_id) VALUES 
(481,1,16,'{"texts":[{"la":"eu","text":"Sarrià de ter"},{"la":"ca","text":"Sarrià de ter"},{"la":"es","text":"Sarrià de ter"}]}',NULL)
,(482,1,16,'{"texts":[{"la":"eu","text":"Vilablareix"},{"la":"ca","text":"Vilablareix"},{"la":"es","text":"Vilablareix"}]}',NULL)
,(483,1,16,'{"texts":[{"la":"eu","text":"Viladasens"},{"la":"ca","text":"Viladasens"},{"la":"es","text":"Viladasens"}]}',NULL)
,(484,1,17,'{"texts":[{"la":"eu","text":"Banyoles"},{"la":"ca","text":"Banyoles"},{"la":"es","text":"Banyoles"}]}',NULL)
,(485,1,17,'{"texts":[{"la":"eu","text":"Camós"},{"la":"ca","text":"Camós"},{"la":"es","text":"Camós"}]}',NULL)
,(486,1,17,'{"texts":[{"la":"eu","text":"Cornellà del Terri"},{"la":"ca","text":"Cornellà del Terri"},{"la":"es","text":"Cornellà del Terri"}]}',NULL)
,(487,1,17,'{"texts":[{"la":"eu","text":"Crespià"},{"la":"ca","text":"Crespià"},{"la":"es","text":"Crespià"}]}',NULL)
,(488,1,17,'{"texts":[{"la":"eu","text":"Esponellà"},{"la":"ca","text":"Esponellà"},{"la":"es","text":"Esponellà"}]}',NULL)
,(489,1,17,'{"texts":[{"la":"eu","text":"Fontcoberta"},{"la":"ca","text":"Fontcoberta"},{"la":"es","text":"Fontcoberta"}]}',NULL)
,(490,1,17,'{"texts":[{"la":"eu","text":"Palol de Revardit"},{"la":"ca","text":"Palol de Revardit"},{"la":"es","text":"Palol de Revardit"}]}',NULL)
;
INSERT INTO town (ID,version,region_id,name,province_id) VALUES 
(491,1,17,'{"texts":[{"la":"eu","text":"Porqueres"},{"la":"ca","text":"Porqueres"},{"la":"es","text":"Porqueres"}]}',NULL)
,(492,1,17,'{"texts":[{"la":"eu","text":"Sant Miquel de Campmajor"},{"la":"ca","text":"Sant Miquel de Campmajor"},{"la":"es","text":"Sant Miquel de Campmajor"}]}',NULL)
,(493,1,17,'{"texts":[{"la":"eu","text":"Serinyà"},{"la":"ca","text":"Serinyà"},{"la":"es","text":"Serinyà"}]}',NULL)
,(494,1,17,'{"texts":[{"la":"eu","text":"Vilademuls"},{"la":"ca","text":"Vilademuls"},{"la":"es","text":"Vilademuls"}]}',NULL)
,(495,1,18,'{"texts":[{"la":"eu","text":"Campdevànol"},{"la":"ca","text":"Campdevànol"},{"la":"es","text":"Campdevànol"}]}',NULL)
,(496,1,18,'{"texts":[{"la":"eu","text":"Campelles"},{"la":"ca","text":"Campelles"},{"la":"es","text":"Campelles"}]}',NULL)
,(497,1,18,'{"texts":[{"la":"eu","text":"Camprodon"},{"la":"ca","text":"Camprodon"},{"la":"es","text":"Camprodon"}]}',NULL)
,(498,1,18,'{"texts":[{"la":"eu","text":"Gombrèn"},{"la":"ca","text":"Gombrèn"},{"la":"es","text":"Gombrèn"}]}',NULL)
,(499,1,18,'{"texts":[{"la":"eu","text":"Llanars"},{"la":"ca","text":"Llanars"},{"la":"es","text":"Llanars"}]}',NULL)
,(500,1,18,'{"texts":[{"la":"eu","text":"Llosses, Les"},{"la":"ca","text":"Llosses, Les"},{"la":"es","text":"Llosses, Les"}]}',NULL)
;
INSERT INTO town (ID,version,region_id,name,province_id) VALUES 
(501,1,18,'{"texts":[{"la":"eu","text":"Molló"},{"la":"ca","text":"Molló"},{"la":"es","text":"Molló"}]}',NULL)
,(502,1,18,'{"texts":[{"la":"eu","text":"Ogassa"},{"la":"ca","text":"Ogassa"},{"la":"es","text":"Ogassa"}]}',NULL)
,(503,1,18,'{"texts":[{"la":"eu","text":"Pardines"},{"la":"ca","text":"Pardines"},{"la":"es","text":"Pardines"}]}',NULL)
,(504,1,18,'{"texts":[{"la":"eu","text":"Planoles"},{"la":"ca","text":"Planoles"},{"la":"es","text":"Planoles"}]}',NULL)
,(505,1,18,'{"texts":[{"la":"eu","text":"Queralbs"},{"la":"ca","text":"Queralbs"},{"la":"es","text":"Queralbs"}]}',NULL)
,(506,1,18,'{"texts":[{"la":"eu","text":"Ribes de Freser"},{"la":"ca","text":"Ribes de Freser"},{"la":"es","text":"Ribes de Freser"}]}',NULL)
,(507,1,18,'{"texts":[{"la":"eu","text":"Ripoll"},{"la":"ca","text":"Ripoll"},{"la":"es","text":"Ripoll"}]}',NULL)
,(508,1,18,'{"texts":[{"la":"eu","text":"Sant Joan de les Abadesses"},{"la":"ca","text":"Sant Joan de les Abadesses"},{"la":"es","text":"Sant Joan de les Abadesses"}]}',NULL)
,(509,1,18,'{"texts":[{"la":"eu","text":"Sant Pau de Segúries"},{"la":"ca","text":"Sant Pau de Segúries"},{"la":"es","text":"Sant Pau de Segúries"}]}',NULL)
,(510,1,18,'{"texts":[{"la":"eu","text":"Setcases"},{"la":"ca","text":"Setcases"},{"la":"es","text":"Setcases"}]}',NULL)
;
INSERT INTO town (ID,version,region_id,name,province_id) VALUES 
(511,1,18,'{"texts":[{"la":"eu","text":"Toses"},{"la":"ca","text":"Toses"},{"la":"es","text":"Toses"}]}',NULL)
,(512,1,18,'{"texts":[{"la":"eu","text":"Vallfogona de Ripollès"},{"la":"ca","text":"Vallfogona de Ripollès"},{"la":"es","text":"Vallfogona de Ripollès"}]}',NULL)
,(513,1,18,'{"texts":[{"la":"eu","text":"Vilallonga de Ter"},{"la":"ca","text":"Vilallonga de Ter"},{"la":"es","text":"Vilallonga de Ter"}]}',NULL)
,(514,1,19,'{"texts":[{"la":"eu","text":"Amer"},{"la":"ca","text":"Amer"},{"la":"es","text":"Amer"}]}',NULL)
,(515,1,19,'{"texts":[{"la":"eu","text":"Anglès"},{"la":"ca","text":"Anglès"},{"la":"es","text":"Anglès"}]}',NULL)
,(516,1,19,'{"texts":[{"la":"eu","text":"Arbúcies"},{"la":"ca","text":"Arbúcies"},{"la":"es","text":"Arbúcies"}]}',NULL)
,(517,1,19,'{"texts":[{"la":"eu","text":"Blanes"},{"la":"ca","text":"Blanes"},{"la":"es","text":"Blanes"}]}',NULL)
,(518,1,19,'{"texts":[{"la":"eu","text":"Breda"},{"la":"ca","text":"Breda"},{"la":"es","text":"Breda"}]}',NULL)
,(519,1,19,'{"texts":[{"la":"eu","text":"Brunyola"},{"la":"ca","text":"Brunyola"},{"la":"es","text":"Brunyola"}]}',NULL)
,(520,1,19,'{"texts":[{"la":"eu","text":"Caldes de Malavella"},{"la":"ca","text":"Caldes de Malavella"},{"la":"es","text":"Caldes de Malavella"}]}',NULL)
;
INSERT INTO town (ID,version,region_id,name,province_id) VALUES 
(521,1,19,'{"texts":[{"la":"eu","text":"Cellera de Ter, La"},{"la":"ca","text":"Cellera de Ter, La"},{"la":"es","text":"Cellera de Ter, La"}]}',NULL)
,(522,1,19,'{"texts":[{"la":"eu","text":"Fogars de la Selva"},{"la":"ca","text":"Fogars de la Selva"},{"la":"es","text":"Fogars de la Selva"}]}',NULL)
,(523,1,19,'{"texts":[{"la":"eu","text":"Hostalric"},{"la":"ca","text":"Hostalric"},{"la":"es","text":"Hostalric"}]}',NULL)
,(524,1,19,'{"texts":[{"la":"eu","text":"Lloret de Mar"},{"la":"ca","text":"Lloret de Mar"},{"la":"es","text":"Lloret de Mar"}]}',NULL)
,(525,1,19,'{"texts":[{"la":"eu","text":"Maçanet de la Selva"},{"la":"ca","text":"Maçanet de la Selva"},{"la":"es","text":"Maçanet de la Selva"}]}',NULL)
,(526,1,19,'{"texts":[{"la":"eu","text":"Massanes"},{"la":"ca","text":"Massanes"},{"la":"es","text":"Massanes"}]}',NULL)
,(527,1,19,'{"texts":[{"la":"eu","text":"Osor"},{"la":"ca","text":"Osor"},{"la":"es","text":"Osor"}]}',NULL)
,(528,1,19,'{"texts":[{"la":"eu","text":"Riells i Viabrea"},{"la":"ca","text":"Riells i Viabrea"},{"la":"es","text":"Riells i Viabrea"}]}',NULL)
,(529,1,19,'{"texts":[{"la":"eu","text":"Riudarenes"},{"la":"ca","text":"Riudarenes"},{"la":"es","text":"Riudarenes"}]}',NULL)
,(530,1,19,'{"texts":[{"la":"eu","text":"Riudellots de la Selva"},{"la":"ca","text":"Riudellots de la Selva"},{"la":"es","text":"Riudellots de la Selva"}]}',NULL)
;
INSERT INTO town (ID,version,region_id,name,province_id) VALUES 
(531,1,19,'{"texts":[{"la":"eu","text":"Sant Feliu de Buixalleu"},{"la":"ca","text":"Sant Feliu de Buixalleu"},{"la":"es","text":"Sant Feliu de Buixalleu"}]}',NULL)
,(532,1,19,'{"texts":[{"la":"eu","text":"Sant Hilari Sacalm"},{"la":"ca","text":"Sant Hilari Sacalm"},{"la":"es","text":"Sant Hilari Sacalm"}]}',NULL)
,(533,1,19,'{"texts":[{"la":"eu","text":"Sant Julià del Llor i Bonmatí"},{"la":"ca","text":"Sant Julià del Llor i Bonmatí"},{"la":"es","text":"Sant Julià del Llor i Bonmatí"}]}',NULL)
,(534,1,19,'{"texts":[{"la":"eu","text":"Santa Coloma de Farners"},{"la":"ca","text":"Santa Coloma de Farners"},{"la":"es","text":"Santa Coloma de Farners"}]}',NULL)
,(535,1,19,'{"texts":[{"la":"eu","text":"Sils"},{"la":"ca","text":"Sils"},{"la":"es","text":"Sils"}]}',NULL)
,(536,1,19,'{"texts":[{"la":"eu","text":"Susqueda"},{"la":"ca","text":"Susqueda"},{"la":"es","text":"Susqueda"}]}',NULL)
,(537,1,19,'{"texts":[{"la":"eu","text":"Tossa de Mar"},{"la":"ca","text":"Tossa de Mar"},{"la":"es","text":"Tossa de Mar"}]}',NULL)
,(538,1,19,'{"texts":[{"la":"eu","text":"Vidreres"},{"la":"ca","text":"Vidreres"},{"la":"es","text":"Vidreres"}]}',NULL)
,(539,1,19,'{"texts":[{"la":"eu","text":"Vilobí d''Onyar"},{"la":"ca","text":"Vilobí d''Onyar"},{"la":"es","text":"Vilobí d''Onyar"}]}',NULL)
,(540,1,20,'{"texts":[{"la":"eu","text":"Alàs i Cerc"},{"la":"ca","text":"Alàs i Cerc"},{"la":"es","text":"Alàs i Cerc"}]}',NULL)
;
INSERT INTO town (ID,version,region_id,name,province_id) VALUES 
(541,1,20,'{"texts":[{"la":"eu","text":"Arsèguel"},{"la":"ca","text":"Arsèguel"},{"la":"es","text":"Arsèguel"}]}',NULL)
,(542,1,20,'{"texts":[{"la":"eu","text":"Bassella"},{"la":"ca","text":"Bassella"},{"la":"es","text":"Bassella"}]}',NULL)
,(543,1,20,'{"texts":[{"la":"eu","text":"Cabó"},{"la":"ca","text":"Cabó"},{"la":"es","text":"Cabó"}]}',NULL)
,(544,1,20,'{"texts":[{"la":"eu","text":"Cava"},{"la":"ca","text":"Cava"},{"la":"es","text":"Cava"}]}',NULL)
,(545,1,20,'{"texts":[{"la":"eu","text":"Coll de Nargó"},{"la":"ca","text":"Coll de Nargó"},{"la":"es","text":"Coll de Nargó"}]}',NULL)
,(546,1,20,'{"texts":[{"la":"eu","text":"Estamariu"},{"la":"ca","text":"Estamariu"},{"la":"es","text":"Estamariu"}]}',NULL)
,(547,1,20,'{"texts":[{"la":"eu","text":"Fígols i Alinyà"},{"la":"ca","text":"Fígols i Alinyà"},{"la":"es","text":"Fígols i Alinyà"}]}',NULL)
,(548,1,20,'{"texts":[{"la":"eu","text":"Josa i Tuixén"},{"la":"ca","text":"Josa i Tuixén"},{"la":"es","text":"Josa i Tuixén"}]}',NULL)
,(549,1,20,'{"texts":[{"la":"eu","text":"Montferrer i Castellbò"},{"la":"ca","text":"Montferrer i Castellbò"},{"la":"es","text":"Montferrer i Castellbò"}]}',NULL)
,(550,1,20,'{"texts":[{"la":"eu","text":"Oliana"},{"la":"ca","text":"Oliana"},{"la":"es","text":"Oliana"}]}',NULL)
;
INSERT INTO town (ID,version,region_id,name,province_id) VALUES 
(551,1,20,'{"texts":[{"la":"eu","text":"Organyà"},{"la":"ca","text":"Organyà"},{"la":"es","text":"Organyà"}]}',NULL)
,(552,1,20,'{"texts":[{"la":"eu","text":"Peramola"},{"la":"ca","text":"Peramola"},{"la":"es","text":"Peramola"}]}',NULL)
,(553,1,20,'{"texts":[{"la":"eu","text":"Pont de Bar, El"},{"la":"ca","text":"Pont de Bar, El"},{"la":"es","text":"Pont de Bar, El"}]}',NULL)
,(554,1,20,'{"texts":[{"la":"eu","text":"Ribera d''Urgellet"},{"la":"ca","text":"Ribera d''Urgellet"},{"la":"es","text":"Ribera d''Urgellet"}]}',NULL)
,(555,1,20,'{"texts":[{"la":"eu","text":"Seu d''Urgell, La"},{"la":"ca","text":"Seu d''Urgell, La"},{"la":"es","text":"Seu d''Urgell, La"}]}',NULL)
,(556,1,20,'{"texts":[{"la":"eu","text":"Valls d''Aguilar, Les"},{"la":"ca","text":"Valls d''Aguilar, Les"},{"la":"es","text":"Valls d''Aguilar, Les"}]}',NULL)
,(557,1,20,'{"texts":[{"la":"eu","text":"Valls de Valira, Les"},{"la":"ca","text":"Valls de Valira, Les"},{"la":"es","text":"Valls de Valira, Les"}]}',NULL)
,(558,1,20,'{"texts":[{"la":"eu","text":"Vansa i Fórnols, La"},{"la":"ca","text":"Vansa i Fórnols, La"},{"la":"es","text":"Vansa i Fórnols, La"}]}',NULL)
,(559,1,21,'{"texts":[{"la":"eu","text":"Pont de Suert, El"},{"la":"ca","text":"Pont de Suert, El"},{"la":"es","text":"Pont de Suert, El"}]}',NULL)
,(560,1,21,'{"texts":[{"la":"eu","text":"Vall de Boí, La"},{"la":"ca","text":"Vall de Boí, La"},{"la":"es","text":"Vall de Boí, La"}]}',NULL)
;
INSERT INTO town (ID,version,region_id,name,province_id) VALUES 
(561,1,21,'{"texts":[{"la":"eu","text":"Vilaller"},{"la":"ca","text":"Vilaller"},{"la":"es","text":"Vilaller"}]}',NULL)
,(562,1,22,'{"texts":[{"la":"eu","text":"Albagés, L''"},{"la":"ca","text":"Albagés, L''"},{"la":"es","text":"Albagés, L''"}]}',NULL)
,(563,1,22,'{"texts":[{"la":"eu","text":"Albi, L''"},{"la":"ca","text":"Albi, L''"},{"la":"es","text":"Albi, L''"}]}',NULL)
,(564,1,22,'{"texts":[{"la":"eu","text":"Arbeca"},{"la":"ca","text":"Arbeca"},{"la":"es","text":"Arbeca"}]}',NULL)
,(565,1,22,'{"texts":[{"la":"eu","text":"Bellaguarda"},{"la":"ca","text":"Bellaguarda"},{"la":"es","text":"Bellaguarda"}]}',NULL)
,(566,1,22,'{"texts":[{"la":"eu","text":"Borges Blanques, Les"},{"la":"ca","text":"Borges Blanques, Les"},{"la":"es","text":"Borges Blanques, Les"}]}',NULL)
,(567,1,22,'{"texts":[{"la":"eu","text":"Bovera"},{"la":"ca","text":"Bovera"},{"la":"es","text":"Bovera"}]}',NULL)
,(568,1,22,'{"texts":[{"la":"eu","text":"Castelldans"},{"la":"ca","text":"Castelldans"},{"la":"es","text":"Castelldans"}]}',NULL)
,(569,1,22,'{"texts":[{"la":"eu","text":"Cervià de les Garrigues"},{"la":"ca","text":"Cervià de les Garrigues"},{"la":"es","text":"Cervià de les Garrigues"}]}',NULL)
,(570,1,22,'{"texts":[{"la":"eu","text":"Cogul, El"},{"la":"ca","text":"Cogul, El"},{"la":"es","text":"Cogul, El"}]}',NULL)
;
INSERT INTO town (ID,version,region_id,name,province_id) VALUES 
(571,1,22,'{"texts":[{"la":"eu","text":"Espluga Calba, L''"},{"la":"ca","text":"Espluga Calba, L''"},{"la":"es","text":"Espluga Calba, L''"}]}',NULL)
,(572,1,22,'{"texts":[{"la":"eu","text":"Floresta, La"},{"la":"ca","text":"Floresta, La"},{"la":"es","text":"Floresta, La"}]}',NULL)
,(573,1,22,'{"texts":[{"la":"eu","text":"Fulleda"},{"la":"ca","text":"Fulleda"},{"la":"es","text":"Fulleda"}]}',NULL)
,(574,1,22,'{"texts":[{"la":"eu","text":"Granadella, La"},{"la":"ca","text":"Granadella, La"},{"la":"es","text":"Granadella, La"}]}',NULL)
,(575,1,22,'{"texts":[{"la":"eu","text":"Granyena de les Garrigues"},{"la":"ca","text":"Granyena de les Garrigues"},{"la":"es","text":"Granyena de les Garrigues"}]}',NULL)
,(576,1,22,'{"texts":[{"la":"eu","text":"Juncosa"},{"la":"ca","text":"Juncosa"},{"la":"es","text":"Juncosa"}]}',NULL)
,(577,1,22,'{"texts":[{"la":"eu","text":"Juneda"},{"la":"ca","text":"Juneda"},{"la":"es","text":"Juneda"}]}',NULL)
,(578,1,22,'{"texts":[{"la":"eu","text":"Omellons, Els"},{"la":"ca","text":"Omellons, Els"},{"la":"es","text":"Omellons, Els"}]}',NULL)
,(579,1,22,'{"texts":[{"la":"eu","text":"Pobla de Cérvoles, La"},{"la":"ca","text":"Pobla de Cérvoles, La"},{"la":"es","text":"Pobla de Cérvoles, La"}]}',NULL)
,(580,1,22,'{"texts":[{"la":"eu","text":"Puiggròs"},{"la":"ca","text":"Puiggròs"},{"la":"es","text":"Puiggròs"}]}',NULL)
;
INSERT INTO town (ID,version,region_id,name,province_id) VALUES 
(581,1,22,'{"texts":[{"la":"eu","text":"Soleràs, El"},{"la":"ca","text":"Soleràs, El"},{"la":"es","text":"Soleràs, El"}]}',NULL)
,(582,1,22,'{"texts":[{"la":"eu","text":"Tarrés"},{"la":"ca","text":"Tarrés"},{"la":"es","text":"Tarrés"}]}',NULL)
,(583,1,22,'{"texts":[{"la":"eu","text":"Torms, Els"},{"la":"ca","text":"Torms, Els"},{"la":"es","text":"Torms, Els"}]}',NULL)
,(584,1,22,'{"texts":[{"la":"eu","text":"Vilosell, El"},{"la":"ca","text":"Vilosell, El"},{"la":"es","text":"Vilosell, El"}]}',NULL)
,(585,1,22,'{"texts":[{"la":"eu","text":"Vinaixa"},{"la":"ca","text":"Vinaixa"},{"la":"es","text":"Vinaixa"}]}',NULL)
,(586,1,23,'{"texts":[{"la":"eu","text":"Àger"},{"la":"ca","text":"Àger"},{"la":"es","text":"Àger"}]}',NULL)
,(587,1,23,'{"texts":[{"la":"eu","text":"Albesa"},{"la":"ca","text":"Albesa"},{"la":"es","text":"Albesa"}]}',NULL)
,(588,1,23,'{"texts":[{"la":"eu","text":"Algerri"},{"la":"ca","text":"Algerri"},{"la":"es","text":"Algerri"}]}',NULL)
,(589,1,23,'{"texts":[{"la":"eu","text":"Alòs de Balaguer"},{"la":"ca","text":"Alòs de Balaguer"},{"la":"es","text":"Alòs de Balaguer"}]}',NULL)
,(590,1,23,'{"texts":[{"la":"eu","text":"Artesa de Segre"},{"la":"ca","text":"Artesa de Segre"},{"la":"es","text":"Artesa de Segre"}]}',NULL)
;
INSERT INTO town (ID,version,region_id,name,province_id) VALUES 
(591,1,23,'{"texts":[{"la":"eu","text":"Avellanes i Santa Linya, Les"},{"la":"ca","text":"Avellanes i Santa Linya, Les"},{"la":"es","text":"Avellanes i Santa Linya, Les"}]}',NULL)
,(592,1,23,'{"texts":[{"la":"eu","text":"Balaguer"},{"la":"ca","text":"Balaguer"},{"la":"es","text":"Balaguer"}]}',NULL)
,(593,1,23,'{"texts":[{"la":"eu","text":"Baronia de Rialp, La"},{"la":"ca","text":"Baronia de Rialp, La"},{"la":"es","text":"Baronia de Rialp, La"}]}',NULL)
,(594,1,23,'{"texts":[{"la":"eu","text":"Bellcaire d''Urgell"},{"la":"ca","text":"Bellcaire d''Urgell"},{"la":"es","text":"Bellcaire d''Urgell"}]}',NULL)
,(595,1,23,'{"texts":[{"la":"eu","text":"Bellmunt d''Urgell"},{"la":"ca","text":"Bellmunt d''Urgell"},{"la":"es","text":"Bellmunt d''Urgell"}]}',NULL)
,(596,1,23,'{"texts":[{"la":"eu","text":"Cabanabona"},{"la":"ca","text":"Cabanabona"},{"la":"es","text":"Cabanabona"}]}',NULL)
,(597,1,23,'{"texts":[{"la":"eu","text":"Camarasa"},{"la":"ca","text":"Camarasa"},{"la":"es","text":"Camarasa"}]}',NULL)
,(598,1,23,'{"texts":[{"la":"eu","text":"Castelló de Farfanya"},{"la":"ca","text":"Castelló de Farfanya"},{"la":"es","text":"Castelló de Farfanya"}]}',NULL)
,(599,1,23,'{"texts":[{"la":"eu","text":"Cubells"},{"la":"ca","text":"Cubells"},{"la":"es","text":"Cubells"}]}',NULL)
,(600,1,23,'{"texts":[{"la":"eu","text":"Foradada"},{"la":"ca","text":"Foradada"},{"la":"es","text":"Foradada"}]}',NULL)
;
INSERT INTO town (ID,version,region_id,name,province_id) VALUES 
(601,1,23,'{"texts":[{"la":"eu","text":"Ivars de Noguera"},{"la":"ca","text":"Ivars de Noguera"},{"la":"es","text":"Ivars de Noguera"}]}',NULL)
,(602,1,23,'{"texts":[{"la":"eu","text":"Menàrguens"},{"la":"ca","text":"Menàrguens"},{"la":"es","text":"Menàrguens"}]}',NULL)
,(603,1,23,'{"texts":[{"la":"eu","text":"Montgai"},{"la":"ca","text":"Montgai"},{"la":"es","text":"Montgai"}]}',NULL)
,(604,1,23,'{"texts":[{"la":"eu","text":"Oliola"},{"la":"ca","text":"Oliola"},{"la":"es","text":"Oliola"}]}',NULL)
,(605,1,23,'{"texts":[{"la":"eu","text":"Os de Balaguer"},{"la":"ca","text":"Os de Balaguer"},{"la":"es","text":"Os de Balaguer"}]}',NULL)
,(606,1,23,'{"texts":[{"la":"eu","text":"Penelles"},{"la":"ca","text":"Penelles"},{"la":"es","text":"Penelles"}]}',NULL)
,(607,1,23,'{"texts":[{"la":"eu","text":"Ponts"},{"la":"ca","text":"Ponts"},{"la":"es","text":"Ponts"}]}',NULL)
,(608,1,23,'{"texts":[{"la":"eu","text":"Preixens"},{"la":"ca","text":"Preixens"},{"la":"es","text":"Preixens"}]}',NULL)
,(609,1,23,'{"texts":[{"la":"eu","text":"Sentiu de Sió, La"},{"la":"ca","text":"Sentiu de Sió, La"},{"la":"es","text":"Sentiu de Sió, La"}]}',NULL)
,(610,1,23,'{"texts":[{"la":"eu","text":"Térmens"},{"la":"ca","text":"Térmens"},{"la":"es","text":"Térmens"}]}',NULL)
;
INSERT INTO town (ID,version,region_id,name,province_id) VALUES 
(611,1,23,'{"texts":[{"la":"eu","text":"Tiurana"},{"la":"ca","text":"Tiurana"},{"la":"es","text":"Tiurana"}]}',NULL)
,(612,1,23,'{"texts":[{"la":"eu","text":"Torrelameu"},{"la":"ca","text":"Torrelameu"},{"la":"es","text":"Torrelameu"}]}',NULL)
,(613,1,23,'{"texts":[{"la":"eu","text":"Vallfogona de Balaguer"},{"la":"ca","text":"Vallfogona de Balaguer"},{"la":"es","text":"Vallfogona de Balaguer"}]}',NULL)
,(614,1,23,'{"texts":[{"la":"eu","text":"Vilanova de l''Aguda"},{"la":"ca","text":"Vilanova de l''Aguda"},{"la":"es","text":"Vilanova de l''Aguda"}]}',NULL)
,(615,1,23,'{"texts":[{"la":"eu","text":"Vilanova de Meià"},{"la":"ca","text":"Vilanova de Meià"},{"la":"es","text":"Vilanova de Meià"}]}',NULL)
,(616,1,24,'{"texts":[{"la":"eu","text":"Abella de la Conca"},{"la":"ca","text":"Abella de la Conca"},{"la":"es","text":"Abella de la Conca"}]}',NULL)
,(617,1,24,'{"texts":[{"la":"eu","text":"Castell de Mur"},{"la":"ca","text":"Castell de Mur"},{"la":"es","text":"Castell de Mur"}]}',NULL)
,(618,1,24,'{"texts":[{"la":"eu","text":"Conca de Dalt"},{"la":"ca","text":"Conca de Dalt"},{"la":"es","text":"Conca de Dalt"}]}',NULL)
,(619,1,24,'{"texts":[{"la":"eu","text":"Gavet de la Conca"},{"la":"ca","text":"Gavet de la Conca"},{"la":"es","text":"Gavet de la Conca"}]}',NULL)
,(620,1,24,'{"texts":[{"la":"eu","text":"Isona i Conca Dellà"},{"la":"ca","text":"Isona i Conca Dellà"},{"la":"es","text":"Isona i Conca Dellà"}]}',NULL)
;
INSERT INTO town (ID,version,region_id,name,province_id) VALUES 
(621,1,24,'{"texts":[{"la":"eu","text":"Pobla de Segur, La"},{"la":"ca","text":"Pobla de Segur, La"},{"la":"es","text":"Pobla de Segur, La"}]}',NULL)
,(622,1,24,'{"texts":[{"la":"eu","text":"Torre de Cabdella, La"},{"la":"ca","text":"Torre de Cabdella, La"},{"la":"es","text":"Torre de Cabdella, La"}]}',NULL)
,(623,1,24,'{"texts":[{"la":"eu","text":"Llimiana"},{"la":"ca","text":"Llimiana"},{"la":"es","text":"Llimiana"}]}',NULL)
,(624,1,24,'{"texts":[{"la":"eu","text":"Salàs de Pallars"},{"la":"ca","text":"Salàs de Pallars"},{"la":"es","text":"Salàs de Pallars"}]}',NULL)
,(625,1,24,'{"texts":[{"la":"eu","text":"Sant Esteve de la Sarga"},{"la":"ca","text":"Sant Esteve de la Sarga"},{"la":"es","text":"Sant Esteve de la Sarga"}]}',NULL)
,(626,1,24,'{"texts":[{"la":"eu","text":"Sarroca de Bellera"},{"la":"ca","text":"Sarroca de Bellera"},{"la":"es","text":"Sarroca de Bellera"}]}',NULL)
,(627,1,24,'{"texts":[{"la":"eu","text":"Senterada"},{"la":"ca","text":"Senterada"},{"la":"es","text":"Senterada"}]}',NULL)
,(628,1,24,'{"texts":[{"la":"eu","text":"Talarn"},{"la":"ca","text":"Talarn"},{"la":"es","text":"Talarn"}]}',NULL)
,(629,1,24,'{"texts":[{"la":"eu","text":"Tremp"},{"la":"ca","text":"Tremp"},{"la":"es","text":"Tremp"}]}',NULL)
,(630,1,25,'{"texts":[{"la":"eu","text":"Alins"},{"la":"ca","text":"Alins"},{"la":"es","text":"Alins"}]}',NULL)
;
INSERT INTO town (ID,version,region_id,name,province_id) VALUES 
(631,1,25,'{"texts":[{"la":"eu","text":"Alt Àneu"},{"la":"ca","text":"Alt Àneu"},{"la":"es","text":"Alt Àneu"}]}',NULL)
,(632,1,25,'{"texts":[{"la":"eu","text":"Baix Pallars"},{"la":"ca","text":"Baix Pallars"},{"la":"es","text":"Baix Pallars"}]}',NULL)
,(633,1,25,'{"texts":[{"la":"eu","text":"Espot"},{"la":"ca","text":"Espot"},{"la":"es","text":"Espot"}]}',NULL)
,(634,1,25,'{"texts":[{"la":"eu","text":"Esterri de Cardós"},{"la":"ca","text":"Esterri de Cardós"},{"la":"es","text":"Esterri de Cardós"}]}',NULL)
,(635,1,25,'{"texts":[{"la":"eu","text":"Esterri d''Àneu"},{"la":"ca","text":"Esterri d''Àneu"},{"la":"es","text":"Esterri d''Àneu"}]}',NULL)
,(636,1,25,'{"texts":[{"la":"eu","text":"Farrera"},{"la":"ca","text":"Farrera"},{"la":"es","text":"Farrera"}]}',NULL)
,(637,1,25,'{"texts":[{"la":"eu","text":"Guingueta d''Àneu, La"},{"la":"ca","text":"Guingueta d''Àneu, La"},{"la":"es","text":"Guingueta d''Àneu, La"}]}',NULL)
,(638,1,25,'{"texts":[{"la":"eu","text":"Lladorre"},{"la":"ca","text":"Lladorre"},{"la":"es","text":"Lladorre"}]}',NULL)
,(639,1,25,'{"texts":[{"la":"eu","text":"Llavorsí"},{"la":"ca","text":"Llavorsí"},{"la":"es","text":"Llavorsí"}]}',NULL)
,(640,1,25,'{"texts":[{"la":"eu","text":"Rial"},{"la":"ca","text":"Rial"},{"la":"es","text":"Rial"}]}',NULL)
;
INSERT INTO town (ID,version,region_id,name,province_id) VALUES 
(641,1,25,'{"texts":[{"la":"eu","text":"Soriguera"},{"la":"ca","text":"Soriguera"},{"la":"es","text":"Soriguera"}]}',NULL)
,(642,1,25,'{"texts":[{"la":"eu","text":"Sort"},{"la":"ca","text":"Sort"},{"la":"es","text":"Sort"}]}',NULL)
,(643,1,25,'{"texts":[{"la":"eu","text":"Tírvia"},{"la":"ca","text":"Tírvia"},{"la":"es","text":"Tírvia"}]}',NULL)
,(644,1,25,'{"texts":[{"la":"eu","text":"Vall de Cardós"},{"la":"ca","text":"Vall de Cardós"},{"la":"es","text":"Vall de Cardós"}]}',NULL)
,(645,1,26,'{"texts":[{"la":"eu","text":"Barbens"},{"la":"ca","text":"Barbens"},{"la":"es","text":"Barbens"}]}',NULL)
,(646,1,26,'{"texts":[{"la":"eu","text":"Bell-lloc d''Urgell"},{"la":"ca","text":"Bell-lloc d''Urgell"},{"la":"es","text":"Bell-lloc d''Urgell"}]}',NULL)
,(647,1,26,'{"texts":[{"la":"eu","text":"Bellvís"},{"la":"ca","text":"Bellvís"},{"la":"es","text":"Bellvís"}]}',NULL)
,(648,1,26,'{"texts":[{"la":"eu","text":"Castellnou de Seana"},{"la":"ca","text":"Castellnou de Seana"},{"la":"es","text":"Castellnou de Seana"}]}',NULL)
,(649,1,26,'{"texts":[{"la":"eu","text":"Palau d''Anglesola, El"},{"la":"ca","text":"Palau d''Anglesola, El"},{"la":"es","text":"Palau d''Anglesola, El"}]}',NULL)
,(650,1,26,'{"texts":[{"la":"eu","text":"Poal, El"},{"la":"ca","text":"Poal, El"},{"la":"es","text":"Poal, El"}]}',NULL)
;
INSERT INTO town (ID,version,region_id,name,province_id) VALUES 
(651,1,26,'{"texts":[{"la":"eu","text":"Fondarella"},{"la":"ca","text":"Fondarella"},{"la":"es","text":"Fondarella"}]}',NULL)
,(652,1,26,'{"texts":[{"la":"eu","text":"Golmés"},{"la":"ca","text":"Golmés"},{"la":"es","text":"Golmés"}]}',NULL)
,(653,1,26,'{"texts":[{"la":"eu","text":"Ivars d''Urgell"},{"la":"ca","text":"Ivars d''Urgell"},{"la":"es","text":"Ivars d''Urgell"}]}',NULL)
,(654,1,26,'{"texts":[{"la":"eu","text":"Linyola"},{"la":"ca","text":"Linyola"},{"la":"es","text":"Linyola"}]}',NULL)
,(655,1,26,'{"texts":[{"la":"eu","text":"Miralcamp"},{"la":"ca","text":"Miralcamp"},{"la":"es","text":"Miralcamp"}]}',NULL)
,(656,1,26,'{"texts":[{"la":"eu","text":"Mollerussa"},{"la":"ca","text":"Mollerussa"},{"la":"es","text":"Mollerussa"}]}',NULL)
,(657,1,26,'{"texts":[{"la":"eu","text":"Sidamon"},{"la":"ca","text":"Sidamon"},{"la":"es","text":"Sidamon"}]}',NULL)
,(658,1,26,'{"texts":[{"la":"eu","text":"Torregrossa"},{"la":"ca","text":"Torregrossa"},{"la":"es","text":"Torregrossa"}]}',NULL)
,(659,1,26,'{"texts":[{"la":"eu","text":"Vila-sana"},{"la":"ca","text":"Vila-sana"},{"la":"es","text":"Vila-sana"}]}',NULL)
,(660,1,26,'{"texts":[{"la":"eu","text":"Vilanova de Bellpuig"},{"la":"ca","text":"Vilanova de Bellpuig"},{"la":"es","text":"Vilanova de Bellpuig"}]}',NULL)
;
INSERT INTO town (ID,version,region_id,name,province_id) VALUES 
(661,1,27,'{"texts":[{"la":"eu","text":"Alfés"},{"la":"ca","text":"Alfés"},{"la":"es","text":"Alfés"}]}',NULL)
,(662,1,27,'{"texts":[{"la":"eu","text":"Biosca"},{"la":"ca","text":"Biosca"},{"la":"es","text":"Biosca"}]}',NULL)
,(663,1,27,'{"texts":[{"la":"eu","text":"Cervera"},{"la":"ca","text":"Cervera"},{"la":"es","text":"Cervera"}]}',NULL)
,(664,1,27,'{"texts":[{"la":"eu","text":"Plans de Sió, Els"},{"la":"ca","text":"Plans de Sió, Els"},{"la":"es","text":"Plans de Sió, Els"}]}',NULL)
,(665,1,27,'{"texts":[{"la":"eu","text":"Estaràs"},{"la":"ca","text":"Estaràs"},{"la":"es","text":"Estaràs"}]}',NULL)
,(666,1,27,'{"texts":[{"la":"eu","text":"Granyanella"},{"la":"ca","text":"Granyanella"},{"la":"es","text":"Granyanella"}]}',NULL)
,(667,1,27,'{"texts":[{"la":"eu","text":"Granyena de Segarra"},{"la":"ca","text":"Granyena de Segarra"},{"la":"es","text":"Granyena de Segarra"}]}',NULL)
,(668,1,27,'{"texts":[{"la":"eu","text":"Guissona"},{"la":"ca","text":"Guissona"},{"la":"es","text":"Guissona"}]}',NULL)
,(669,1,27,'{"texts":[{"la":"eu","text":"Ivorra"},{"la":"ca","text":"Ivorra"},{"la":"es","text":"Ivorra"}]}',NULL)
,(670,1,27,'{"texts":[{"la":"eu","text":"Oluges, Les"},{"la":"ca","text":"Oluges, Les"},{"la":"es","text":"Oluges, Les"}]}',NULL)
;
INSERT INTO town (ID,version,region_id,name,province_id) VALUES 
(671,1,27,'{"texts":[{"la":"eu","text":"Massoteres"},{"la":"ca","text":"Massoteres"},{"la":"es","text":"Massoteres"}]}',NULL)
,(672,1,27,'{"texts":[{"la":"eu","text":"Montoliu de Segarra"},{"la":"ca","text":"Montoliu de Segarra"},{"la":"es","text":"Montoliu de Segarra"}]}',NULL)
,(673,1,27,'{"texts":[{"la":"eu","text":"Montornès de Segarra"},{"la":"ca","text":"Montornès de Segarra"},{"la":"es","text":"Montornès de Segarra"}]}',NULL)
,(674,1,27,'{"texts":[{"la":"eu","text":"Ribera d''Ondara"},{"la":"ca","text":"Ribera d''Ondara"},{"la":"es","text":"Ribera d''Ondara"}]}',NULL)
,(675,1,27,'{"texts":[{"la":"eu","text":"Sanaüja"},{"la":"ca","text":"Sanaüja"},{"la":"es","text":"Sanaüja"}]}',NULL)
,(676,1,27,'{"texts":[{"la":"eu","text":"Sant Guim de Freixenet"},{"la":"ca","text":"Sant Guim de Freixenet"},{"la":"es","text":"Sant Guim de Freixenet"}]}',NULL)
,(677,1,27,'{"texts":[{"la":"eu","text":"Sant Guim de la Plana"},{"la":"ca","text":"Sant Guim de la Plana"},{"la":"es","text":"Sant Guim de la Plana"}]}',NULL)
,(678,1,27,'{"texts":[{"la":"eu","text":"Sant Ramon"},{"la":"ca","text":"Sant Ramon"},{"la":"es","text":"Sant Ramon"}]}',NULL)
,(679,1,27,'{"texts":[{"la":"eu","text":"Talavera"},{"la":"ca","text":"Talavera"},{"la":"es","text":"Talavera"}]}',NULL)
,(680,1,27,'{"texts":[{"la":"eu","text":"Tarroja de Segarra"},{"la":"ca","text":"Tarroja de Segarra"},{"la":"es","text":"Tarroja de Segarra"}]}',NULL)
;
INSERT INTO town (ID,version,region_id,name,province_id) VALUES 
(681,1,27,'{"texts":[{"la":"eu","text":"Torà"},{"la":"ca","text":"Torà"},{"la":"es","text":"Torà"}]}',NULL)
,(682,1,27,'{"texts":[{"la":"eu","text":"Torrefeta i Florejacs"},{"la":"ca","text":"Torrefeta i Florejacs"},{"la":"es","text":"Torrefeta i Florejacs"}]}',NULL)
,(683,1,28,'{"texts":[{"la":"eu","text":"Aitona"},{"la":"ca","text":"Aitona"},{"la":"es","text":"Aitona"}]}',NULL)
,(684,1,28,'{"texts":[{"la":"eu","text":"Albatàrrec"},{"la":"ca","text":"Albatàrrec"},{"la":"es","text":"Albatàrrec"}]}',NULL)
,(685,1,28,'{"texts":[{"la":"eu","text":"Alcanó"},{"la":"ca","text":"Alcanó"},{"la":"es","text":"Alcanó"}]}',NULL)
,(686,1,28,'{"texts":[{"la":"eu","text":"Alcarràs"},{"la":"ca","text":"Alcarràs"},{"la":"es","text":"Alcarràs"}]}',NULL)
,(687,1,28,'{"texts":[{"la":"eu","text":"Alcoletge"},{"la":"ca","text":"Alcoletge"},{"la":"es","text":"Alcoletge"}]}',NULL)
,(688,1,28,'{"texts":[{"la":"eu","text":"Alfarràs"},{"la":"ca","text":"Alfarràs"},{"la":"es","text":"Alfarràs"}]}',NULL)
,(689,1,28,'{"texts":[{"la":"eu","text":"Alguaire"},{"la":"ca","text":"Alguaire"},{"la":"es","text":"Alguaire"}]}',NULL)
,(690,1,28,'{"texts":[{"la":"eu","text":"Almacelles"},{"la":"ca","text":"Almacelles"},{"la":"es","text":"Almacelles"}]}',NULL)
;
INSERT INTO town (ID,version,region_id,name,province_id) VALUES 
(691,1,28,'{"texts":[{"la":"eu","text":"Almatret"},{"la":"ca","text":"Almatret"},{"la":"es","text":"Almatret"}]}',NULL)
,(692,1,28,'{"texts":[{"la":"eu","text":"Almenar"},{"la":"ca","text":"Almenar"},{"la":"es","text":"Almenar"}]}',NULL)
,(693,1,28,'{"texts":[{"la":"eu","text":"Alpicat"},{"la":"ca","text":"Alpicat"},{"la":"es","text":"Alpicat"}]}',NULL)
,(694,1,28,'{"texts":[{"la":"eu","text":"Artesa de Lleida"},{"la":"ca","text":"Artesa de Lleida"},{"la":"es","text":"Artesa de Lleida"}]}',NULL)
,(695,1,28,'{"texts":[{"la":"eu","text":"Aspa"},{"la":"ca","text":"Aspa"},{"la":"es","text":"Aspa"}]}',NULL)
,(696,1,28,'{"texts":[{"la":"eu","text":"Benavent de Segrià"},{"la":"ca","text":"Benavent de Segrià"},{"la":"es","text":"Benavent de Segrià"}]}',NULL)
,(697,1,28,'{"texts":[{"la":"eu","text":"Corbins"},{"la":"ca","text":"Corbins"},{"la":"es","text":"Corbins"}]}',NULL)
,(698,1,28,'{"texts":[{"la":"eu","text":"Alamús, Els"},{"la":"ca","text":"Alamús, Els"},{"la":"es","text":"Alamús, Els"}]}',NULL)
,(699,1,28,'{"texts":[{"la":"eu","text":"Gimenells i el Pla de la Font"},{"la":"ca","text":"Gimenells i el Pla de la Font"},{"la":"es","text":"Gimenells i el Pla de la Font"}]}',NULL)
,(700,1,28,'{"texts":[{"la":"eu","text":"Granja d''Escarp, La"},{"la":"ca","text":"Granja d''Escarp, La"},{"la":"es","text":"Granja d''Escarp, La"}]}',NULL)
;
INSERT INTO town (ID,version,region_id,name,province_id) VALUES 
(701,1,28,'{"texts":[{"la":"eu","text":"Portella, La"},{"la":"ca","text":"Portella, La"},{"la":"es","text":"Portella, La"}]}',NULL)
,(702,1,28,'{"texts":[{"la":"eu","text":"Llardecans"},{"la":"ca","text":"Llardecans"},{"la":"es","text":"Llardecans"}]}',NULL)
,(703,1,28,'{"texts":[{"la":"eu","text":"Lleida"},{"la":"ca","text":"Lleida"},{"la":"es","text":"Lleida"}]}',NULL)
,(704,1,28,'{"texts":[{"la":"eu","text":"Maials"},{"la":"ca","text":"Maials"},{"la":"es","text":"Maials"}]}',NULL)
,(705,1,28,'{"texts":[{"la":"eu","text":"Massalcoreig"},{"la":"ca","text":"Massalcoreig"},{"la":"es","text":"Massalcoreig"}]}',NULL)
,(706,1,28,'{"texts":[{"la":"eu","text":"Montoliu de Lleida"},{"la":"ca","text":"Montoliu de Lleida"},{"la":"es","text":"Montoliu de Lleida"}]}',NULL)
,(707,1,28,'{"texts":[{"la":"eu","text":"Puigverd de Lleida"},{"la":"ca","text":"Puigverd de Lleida"},{"la":"es","text":"Puigverd de Lleida"}]}',NULL)
,(708,1,28,'{"texts":[{"la":"eu","text":"Rosselló"},{"la":"ca","text":"Rosselló"},{"la":"es","text":"Rosselló"}]}',NULL)
,(709,1,28,'{"texts":[{"la":"eu","text":"Sarroca de Lleida"},{"la":"ca","text":"Sarroca de Lleida"},{"la":"es","text":"Sarroca de Lleida"}]}',NULL)
,(710,1,28,'{"texts":[{"la":"eu","text":"Seròs"},{"la":"ca","text":"Seròs"},{"la":"es","text":"Seròs"}]}',NULL)
;
INSERT INTO town (ID,version,region_id,name,province_id) VALUES 
(711,1,28,'{"texts":[{"la":"eu","text":"Soses"},{"la":"ca","text":"Soses"},{"la":"es","text":"Soses"}]}',NULL)
,(712,1,28,'{"texts":[{"la":"eu","text":"Sudanell"},{"la":"ca","text":"Sudanell"},{"la":"es","text":"Sudanell"}]}',NULL)
,(713,1,28,'{"texts":[{"la":"eu","text":"Sunyer"},{"la":"ca","text":"Sunyer"},{"la":"es","text":"Sunyer"}]}',NULL)
,(714,1,28,'{"texts":[{"la":"eu","text":"Torre-serona"},{"la":"ca","text":"Torre-serona"},{"la":"es","text":"Torre-serona"}]}',NULL)
,(715,1,28,'{"texts":[{"la":"eu","text":"Torrebesses"},{"la":"ca","text":"Torrebesses"},{"la":"es","text":"Torrebesses"}]}',NULL)
,(716,1,28,'{"texts":[{"la":"eu","text":"Torrefarera"},{"la":"ca","text":"Torrefarera"},{"la":"es","text":"Torrefarera"}]}',NULL)
,(717,1,28,'{"texts":[{"la":"eu","text":"Torres de Segre"},{"la":"ca","text":"Torres de Segre"},{"la":"es","text":"Torres de Segre"}]}',NULL)
,(718,1,28,'{"texts":[{"la":"eu","text":"Vilanova de la Barca"},{"la":"ca","text":"Vilanova de la Barca"},{"la":"es","text":"Vilanova de la Barca"}]}',NULL)
,(719,1,28,'{"texts":[{"la":"eu","text":"Vilanova de Segrià"},{"la":"ca","text":"Vilanova de Segrià"},{"la":"es","text":"Vilanova de Segrià"}]}',NULL)
,(720,1,29,'{"texts":[{"la":"eu","text":"Castellar de la Ribera"},{"la":"ca","text":"Castellar de la Ribera"},{"la":"es","text":"Castellar de la Ribera"}]}',NULL)
;
INSERT INTO town (ID,version,region_id,name,province_id) VALUES 
(721,1,29,'{"texts":[{"la":"eu","text":"Clariana de Cardener"},{"la":"ca","text":"Clariana de Cardener"},{"la":"es","text":"Clariana de Cardener"}]}',NULL)
,(722,1,29,'{"texts":[{"la":"eu","text":"Guixers"},{"la":"ca","text":"Guixers"},{"la":"es","text":"Guixers"}]}',NULL)
,(723,1,29,'{"texts":[{"la":"eu","text":"Coma i la Pedra, La"},{"la":"ca","text":"Coma i la Pedra, La"},{"la":"es","text":"Coma i la Pedra, La"}]}',NULL)
,(724,1,29,'{"texts":[{"la":"eu","text":"Molsosa, La"},{"la":"ca","text":"Molsosa, La"},{"la":"es","text":"Molsosa, La"}]}',NULL)
,(725,1,29,'{"texts":[{"la":"eu","text":"Lladurs"},{"la":"ca","text":"Lladurs"},{"la":"es","text":"Lladurs"}]}',NULL)
,(726,1,29,'{"texts":[{"la":"eu","text":"Llobera"},{"la":"ca","text":"Llobera"},{"la":"es","text":"Llobera"}]}',NULL)
,(727,1,29,'{"texts":[{"la":"eu","text":"Navès"},{"la":"ca","text":"Navès"},{"la":"es","text":"Navès"}]}',NULL)
,(728,1,29,'{"texts":[{"la":"eu","text":"Odèn"},{"la":"ca","text":"Odèn"},{"la":"es","text":"Odèn"}]}',NULL)
,(729,1,29,'{"texts":[{"la":"eu","text":"Olius"},{"la":"ca","text":"Olius"},{"la":"es","text":"Olius"}]}',NULL)
,(730,1,29,'{"texts":[{"la":"eu","text":"Pinell de Solsonès"},{"la":"ca","text":"Pinell de Solsonès"},{"la":"es","text":"Pinell de Solsonès"}]}',NULL)
;
INSERT INTO town (ID,version,region_id,name,province_id) VALUES 
(731,1,29,'{"texts":[{"la":"eu","text":"Pinós"},{"la":"ca","text":"Pinós"},{"la":"es","text":"Pinós"}]}',NULL)
,(732,1,29,'{"texts":[{"la":"eu","text":"Riner"},{"la":"ca","text":"Riner"},{"la":"es","text":"Riner"}]}',NULL)
,(733,1,29,'{"texts":[{"la":"eu","text":"Sant Llorenç de Morunys"},{"la":"ca","text":"Sant Llorenç de Morunys"},{"la":"es","text":"Sant Llorenç de Morunys"}]}',NULL)
,(734,1,29,'{"texts":[{"la":"eu","text":"Solsona"},{"la":"ca","text":"Solsona"},{"la":"es","text":"Solsona"}]}',NULL)
,(735,1,30,'{"texts":[{"la":"eu","text":"Agramunt"},{"la":"ca","text":"Agramunt"},{"la":"es","text":"Agramunt"}]}',NULL)
,(736,1,30,'{"texts":[{"la":"eu","text":"Anglesola"},{"la":"ca","text":"Anglesola"},{"la":"es","text":"Anglesola"}]}',NULL)
,(737,1,30,'{"texts":[{"la":"eu","text":"Belianes"},{"la":"ca","text":"Belianes"},{"la":"es","text":"Belianes"}]}',NULL)
,(738,1,30,'{"texts":[{"la":"eu","text":"Bellpuig"},{"la":"ca","text":"Bellpuig"},{"la":"es","text":"Bellpuig"}]}',NULL)
,(739,1,30,'{"texts":[{"la":"eu","text":"Castellserà"},{"la":"ca","text":"Castellserà"},{"la":"es","text":"Castellserà"}]}',NULL)
,(740,1,30,'{"texts":[{"la":"eu","text":"Ciutadilla"},{"la":"ca","text":"Ciutadilla"},{"la":"es","text":"Ciutadilla"}]}',NULL)
;
INSERT INTO town (ID,version,region_id,name,province_id) VALUES 
(741,1,30,'{"texts":[{"la":"eu","text":"Omells de na Gaia, Els"},{"la":"ca","text":"Omells de na Gaia, Els"},{"la":"es","text":"Omells de na Gaia, Els"}]}',NULL)
,(742,1,30,'{"texts":[{"la":"eu","text":"Guimerà"},{"la":"ca","text":"Guimerà"},{"la":"es","text":"Guimerà"}]}',NULL)
,(743,1,30,'{"texts":[{"la":"eu","text":"Fuliola, La"},{"la":"ca","text":"Fuliola, La"},{"la":"es","text":"Fuliola, La"}]}',NULL)
,(744,1,30,'{"texts":[{"la":"eu","text":"Maldà"},{"la":"ca","text":"Maldà"},{"la":"es","text":"Maldà"}]}',NULL)
,(745,1,30,'{"texts":[{"la":"eu","text":"Nalec"},{"la":"ca","text":"Nalec"},{"la":"es","text":"Nalec"}]}',NULL)
,(746,1,30,'{"texts":[{"la":"eu","text":"Ossó de Sió"},{"la":"ca","text":"Ossó de Sió"},{"la":"es","text":"Ossó de Sió"}]}',NULL)
,(747,1,30,'{"texts":[{"la":"eu","text":"Preixana"},{"la":"ca","text":"Preixana"},{"la":"es","text":"Preixana"}]}',NULL)
,(748,1,30,'{"texts":[{"la":"eu","text":"Puigverd d''Agramunt"},{"la":"ca","text":"Puigverd d''Agramunt"},{"la":"es","text":"Puigverd d''Agramunt"}]}',NULL)
,(749,1,30,'{"texts":[{"la":"eu","text":"Sant Martí de Riucorb"},{"la":"ca","text":"Sant Martí de Riucorb"},{"la":"es","text":"Sant Martí de Riucorb"}]}',NULL)
,(750,1,30,'{"texts":[{"la":"eu","text":"Tàrrega"},{"la":"ca","text":"Tàrrega"},{"la":"es","text":"Tàrrega"}]}',NULL)
;
INSERT INTO town (ID,version,region_id,name,province_id) VALUES 
(751,1,30,'{"texts":[{"la":"eu","text":"Tornabous"},{"la":"ca","text":"Tornabous"},{"la":"es","text":"Tornabous"}]}',NULL)
,(752,1,30,'{"texts":[{"la":"eu","text":"Vallbona de les Monges"},{"la":"ca","text":"Vallbona de les Monges"},{"la":"es","text":"Vallbona de les Monges"}]}',NULL)
,(753,1,30,'{"texts":[{"la":"eu","text":"Verdú"},{"la":"ca","text":"Verdú"},{"la":"es","text":"Verdú"}]}',NULL)
,(754,1,30,'{"texts":[{"la":"eu","text":"Vilagrassa"},{"la":"ca","text":"Vilagrassa"},{"la":"es","text":"Vilagrassa"}]}',NULL)
,(755,1,31,'{"texts":[{"la":"eu","text":"Arres"},{"la":"ca","text":"Arres"},{"la":"es","text":"Arres"}]}',NULL)
,(756,1,31,'{"texts":[{"la":"eu","text":"Bausen"},{"la":"ca","text":"Bausen"},{"la":"es","text":"Bausen"}]}',NULL)
,(757,1,31,'{"texts":[{"la":"eu","text":"Bossòst"},{"la":"ca","text":"Bossòst"},{"la":"es","text":"Bossòst"}]}',NULL)
,(758,1,31,'{"texts":[{"la":"eu","text":"Canejan"},{"la":"ca","text":"Canejan"},{"la":"es","text":"Canejan"}]}',NULL)
,(759,1,31,'{"texts":[{"la":"eu","text":"Bòrdes, Es"},{"la":"ca","text":"Bòrdes, Es"},{"la":"es","text":"Bòrdes, Es"}]}',NULL)
,(760,1,31,'{"texts":[{"la":"eu","text":"Les"},{"la":"ca","text":"Les"},{"la":"es","text":"Les"}]}',NULL)
;
INSERT INTO town (ID,version,region_id,name,province_id) VALUES 
(761,1,31,'{"texts":[{"la":"eu","text":"Naut Aran"},{"la":"ca","text":"Naut Aran"},{"la":"es","text":"Naut Aran"}]}',NULL)
,(762,1,31,'{"texts":[{"la":"eu","text":"Vielha e Miajaran"},{"la":"ca","text":"Vielha e Miajaran"},{"la":"es","text":"Vielha e Miajaran"}]}',NULL)
,(763,1,31,'{"texts":[{"la":"eu","text":"Vilamòs"},{"la":"ca","text":"Vilamòs"},{"la":"es","text":"Vilamòs"}]}',NULL)
,(764,1,32,'{"texts":[{"la":"eu","text":"Aiguamúrcia"},{"la":"ca","text":"Aiguamúrcia"},{"la":"es","text":"Aiguamúrcia"}]}',NULL)
,(765,1,32,'{"texts":[{"la":"eu","text":"Alcover"},{"la":"ca","text":"Alcover"},{"la":"es","text":"Alcover"}]}',NULL)
,(766,1,32,'{"texts":[{"la":"eu","text":"Alió"},{"la":"ca","text":"Alió"},{"la":"es","text":"Alió"}]}',NULL)
,(767,1,32,'{"texts":[{"la":"eu","text":"Bràfim"},{"la":"ca","text":"Bràfim"},{"la":"es","text":"Bràfim"}]}',NULL)
,(768,1,32,'{"texts":[{"la":"eu","text":"Cabra del Camp"},{"la":"ca","text":"Cabra del Camp"},{"la":"es","text":"Cabra del Camp"}]}',NULL)
,(769,1,32,'{"texts":[{"la":"eu","text":"Milà, El"},{"la":"ca","text":"Milà, El"},{"la":"es","text":"Milà, El"}]}',NULL)
,(770,1,32,'{"texts":[{"la":"eu","text":"Pla de Santa Maria, El"},{"la":"ca","text":"Pla de Santa Maria, El"},{"la":"es","text":"Pla de Santa Maria, El"}]}',NULL)
;
INSERT INTO town (ID,version,region_id,name,province_id) VALUES 
(771,1,32,'{"texts":[{"la":"eu","text":"Pont d''Armentera, El"},{"la":"ca","text":"Pont d''Armentera, El"},{"la":"es","text":"Pont d''Armentera, El"}]}',NULL)
,(772,1,32,'{"texts":[{"la":"eu","text":"Rourell, El"},{"la":"ca","text":"Rourell, El"},{"la":"es","text":"Rourell, El"}]}',NULL)
,(773,1,32,'{"texts":[{"la":"eu","text":"Garidells, Els"},{"la":"ca","text":"Garidells, Els"},{"la":"es","text":"Garidells, Els"}]}',NULL)
,(774,1,32,'{"texts":[{"la":"eu","text":"Figuerola del Camp"},{"la":"ca","text":"Figuerola del Camp"},{"la":"es","text":"Figuerola del Camp"}]}',NULL)
,(775,1,32,'{"texts":[{"la":"eu","text":"Masó, La"},{"la":"ca","text":"Masó, La"},{"la":"es","text":"Masó, La"}]}',NULL)
,(776,1,32,'{"texts":[{"la":"eu","text":"La Riba, La"},{"la":"ca","text":"La Riba, La"},{"la":"es","text":"La Riba, La"}]}',NULL)
,(777,1,32,'{"texts":[{"la":"eu","text":"Mont-ral"},{"la":"ca","text":"Mont-ral"},{"la":"es","text":"Mont-ral"}]}',NULL)
,(778,1,32,'{"texts":[{"la":"eu","text":"Montferri"},{"la":"ca","text":"Montferri"},{"la":"es","text":"Montferri"}]}',NULL)
,(779,1,32,'{"texts":[{"la":"eu","text":"Nulles"},{"la":"ca","text":"Nulles"},{"la":"es","text":"Nulles"}]}',NULL)
,(780,1,32,'{"texts":[{"la":"eu","text":"Puigpelat"},{"la":"ca","text":"Puigpelat"},{"la":"es","text":"Puigpelat"}]}',NULL)
;
INSERT INTO town (ID,version,region_id,name,province_id) VALUES 
(781,1,32,'{"texts":[{"la":"eu","text":"Querol"},{"la":"ca","text":"Querol"},{"la":"es","text":"Querol"}]}',NULL)
,(782,1,32,'{"texts":[{"la":"eu","text":"Rodonyà"},{"la":"ca","text":"Rodonyà"},{"la":"es","text":"Rodonyà"}]}',NULL)
,(783,1,32,'{"texts":[{"la":"eu","text":"Vallmoll"},{"la":"ca","text":"Vallmoll"},{"la":"es","text":"Vallmoll"}]}',NULL)
,(784,1,32,'{"texts":[{"la":"eu","text":"Valls"},{"la":"ca","text":"Valls"},{"la":"es","text":"Valls"}]}',NULL)
,(785,1,32,'{"texts":[{"la":"eu","text":"Vila-rodona"},{"la":"ca","text":"Vila-rodona"},{"la":"es","text":"Vila-rodona"}]}',NULL)
,(786,1,32,'{"texts":[{"la":"eu","text":"Vilabella"},{"la":"ca","text":"Vilabella"},{"la":"es","text":"Vilabella"}]}',NULL)
,(787,1,33,'{"texts":[{"la":"eu","text":"Albiol, L''"},{"la":"ca","text":"Albiol, L''"},{"la":"es","text":"Albiol, L''"}]}',NULL)
,(788,1,33,'{"texts":[{"la":"eu","text":"Aleixar, L''"},{"la":"ca","text":"Aleixar, L''"},{"la":"es","text":"Aleixar, L''"}]}',NULL)
,(789,1,33,'{"texts":[{"la":"eu","text":"Alforja"},{"la":"ca","text":"Alforja"},{"la":"es","text":"Alforja"}]}',NULL)
,(790,1,33,'{"texts":[{"la":"eu","text":"Almoster"},{"la":"ca","text":"Almoster"},{"la":"es","text":"Almoster"}]}',NULL)
;
INSERT INTO town (ID,version,region_id,name,province_id) VALUES 
(791,1,33,'{"texts":[{"la":"eu","text":"Arbolí"},{"la":"ca","text":"Arbolí"},{"la":"es","text":"Arbolí"}]}',NULL)
,(792,1,33,'{"texts":[{"la":"eu","text":"Argentera, L''"},{"la":"ca","text":"Argentera, L''"},{"la":"es","text":"Argentera, L''"}]}',NULL)
,(793,1,33,'{"texts":[{"la":"eu","text":"Borges del Camp, Les"},{"la":"ca","text":"Borges del Camp, Les"},{"la":"es","text":"Borges del Camp, Les"}]}',NULL)
,(794,1,33,'{"texts":[{"la":"eu","text":"Botarell"},{"la":"ca","text":"Botarell"},{"la":"es","text":"Botarell"}]}',NULL)
,(795,1,33,'{"texts":[{"la":"eu","text":"Cambrils"},{"la":"ca","text":"Cambrils"},{"la":"es","text":"Cambrils"}]}',NULL)
,(796,1,33,'{"texts":[{"la":"eu","text":"Capafonts"},{"la":"ca","text":"Capafonts"},{"la":"es","text":"Capafonts"}]}',NULL)
,(797,1,33,'{"texts":[{"la":"eu","text":"Castellvell del Camp"},{"la":"ca","text":"Castellvell del Camp"},{"la":"es","text":"Castellvell del Camp"}]}',NULL)
,(798,1,33,'{"texts":[{"la":"eu","text":"Colldejou"},{"la":"ca","text":"Colldejou"},{"la":"es","text":"Colldejou"}]}',NULL)
,(799,1,33,'{"texts":[{"la":"eu","text":"Duesaigües"},{"la":"ca","text":"Duesaigües"},{"la":"es","text":"Duesaigües"}]}',NULL)
,(800,1,33,'{"texts":[{"la":"eu","text":"Febró, La"},{"la":"ca","text":"Febró, La"},{"la":"es","text":"Febró, La"}]}',NULL)
;
INSERT INTO town (ID,version,region_id,name,province_id) VALUES 
(801,1,33,'{"texts":[{"la":"eu","text":"Maspujols"},{"la":"ca","text":"Maspujols"},{"la":"es","text":"Maspujols"}]}',NULL)
,(802,1,33,'{"texts":[{"la":"eu","text":"Montbrió del Camp"},{"la":"ca","text":"Montbrió del Camp"},{"la":"es","text":"Montbrió del Camp"}]}',NULL)
,(803,1,33,'{"texts":[{"la":"eu","text":"Mont-roig del Camp"},{"la":"ca","text":"Mont-roig del Camp"},{"la":"es","text":"Mont-roig del Camp"}]}',NULL)
,(804,1,33,'{"texts":[{"la":"eu","text":"Prades"},{"la":"ca","text":"Prades"},{"la":"es","text":"Prades"}]}',NULL)
,(805,1,33,'{"texts":[{"la":"eu","text":"Pratdip"},{"la":"ca","text":"Pratdip"},{"la":"es","text":"Pratdip"}]}',NULL)
,(806,1,33,'{"texts":[{"la":"eu","text":"Reus"},{"la":"ca","text":"Reus"},{"la":"es","text":"Reus"}]}',NULL)
,(807,1,33,'{"texts":[{"la":"eu","text":"Riudecanyes"},{"la":"ca","text":"Riudecanyes"},{"la":"es","text":"Riudecanyes"}]}',NULL)
,(808,1,33,'{"texts":[{"la":"eu","text":"Riudecols"},{"la":"ca","text":"Riudecols"},{"la":"es","text":"Riudecols"}]}',NULL)
,(809,1,33,'{"texts":[{"la":"eu","text":"Riudoms"},{"la":"ca","text":"Riudoms"},{"la":"es","text":"Riudoms"}]}',NULL)
,(810,1,33,'{"texts":[{"la":"eu","text":"Selva del Camp, La"},{"la":"ca","text":"Selva del Camp, La"},{"la":"es","text":"Selva del Camp, La"}]}',NULL)
;
INSERT INTO town (ID,version,region_id,name,province_id) VALUES 
(811,1,33,'{"texts":[{"la":"eu","text":"Vandellòs i l''Hospitalet de l''Infant"},{"la":"ca","text":"Vandellòs i l''Hospitalet de l''Infant"},{"la":"es","text":"Vandellòs i l''Hospitalet de l''Infant"}]}',NULL)
,(812,1,33,'{"texts":[{"la":"eu","text":"Vilanova d''Escornalbou"},{"la":"ca","text":"Vilanova d''Escornalbou"},{"la":"es","text":"Vilanova d''Escornalbou"}]}',NULL)
,(813,1,33,'{"texts":[{"la":"eu","text":"Vilaplana"},{"la":"ca","text":"Vilaplana"},{"la":"es","text":"Vilaplana"}]}',NULL)
,(814,1,33,'{"texts":[{"la":"eu","text":"Vinyols i els Arcs"},{"la":"ca","text":"Vinyols i els Arcs"},{"la":"es","text":"Vinyols i els Arcs"}]}',NULL)
,(815,1,34,'{"texts":[{"la":"eu","text":"Aldea, L''"},{"la":"ca","text":"Aldea, L''"},{"la":"es","text":"Aldea, L''"}]}',NULL)
,(816,1,34,'{"texts":[{"la":"eu","text":"Aldover"},{"la":"ca","text":"Aldover"},{"la":"es","text":"Aldover"}]}',NULL)
,(817,1,34,'{"texts":[{"la":"eu","text":"Alfara de Carles"},{"la":"ca","text":"Alfara de Carles"},{"la":"es","text":"Alfara de Carles"}]}',NULL)
,(818,1,34,'{"texts":[{"la":"eu","text":"Ametlla de Mar, L''"},{"la":"ca","text":"Ametlla de Mar, L''"},{"la":"es","text":"Ametlla de Mar, L''"}]}',NULL)
,(819,1,34,'{"texts":[{"la":"eu","text":"Ampolla, L''"},{"la":"ca","text":"Ampolla, L''"},{"la":"es","text":"Ampolla, L''"}]}',NULL)
,(820,1,34,'{"texts":[{"la":"eu","text":"Benifallet"},{"la":"ca","text":"Benifallet"},{"la":"es","text":"Benifallet"}]}',NULL)
;
INSERT INTO town (ID,version,region_id,name,province_id) VALUES 
(821,1,34,'{"texts":[{"la":"eu","text":"Camarles"},{"la":"ca","text":"Camarles"},{"la":"es","text":"Camarles"}]}',NULL)
,(822,1,34,'{"texts":[{"la":"eu","text":"Deltebre"},{"la":"ca","text":"Deltebre"},{"la":"es","text":"Deltebre"}]}',NULL)
,(823,1,34,'{"texts":[{"la":"eu","text":"Paüls"},{"la":"ca","text":"Paüls"},{"la":"es","text":"Paüls"}]}',NULL)
,(824,1,34,'{"texts":[{"la":"eu","text":"Perelló, El"},{"la":"ca","text":"Perelló, El"},{"la":"es","text":"Perelló, El"}]}',NULL)
,(825,1,34,'{"texts":[{"la":"eu","text":"Roquetes"},{"la":"ca","text":"Roquetes"},{"la":"es","text":"Roquetes"}]}',NULL)
,(826,1,34,'{"texts":[{"la":"eu","text":"Tivenys"},{"la":"ca","text":"Tivenys"},{"la":"es","text":"Tivenys"}]}',NULL)
,(827,1,34,'{"texts":[{"la":"eu","text":"Tortosa"},{"la":"ca","text":"Tortosa"},{"la":"es","text":"Tortosa"}]}',NULL)
,(828,1,34,'{"texts":[{"la":"eu","text":"Xerta"},{"la":"ca","text":"Xerta"},{"la":"es","text":"Xerta"}]}',NULL)
,(829,1,35,'{"texts":[{"la":"eu","text":"Albinyana"},{"la":"ca","text":"Albinyana"},{"la":"es","text":"Albinyana"}]}',NULL)
,(830,1,35,'{"texts":[{"la":"eu","text":"Arboç, L''"},{"la":"ca","text":"Arboç, L''"},{"la":"es","text":"Arboç, L''"}]}',NULL)
;
INSERT INTO town (ID,version,region_id,name,province_id) VALUES 
(831,1,35,'{"texts":[{"la":"eu","text":"Banyeres del Penedès"},{"la":"ca","text":"Banyeres del Penedès"},{"la":"es","text":"Banyeres del Penedès"}]}',NULL)
,(832,1,35,'{"texts":[{"la":"eu","text":"Bellvei"},{"la":"ca","text":"Bellvei"},{"la":"es","text":"Bellvei"}]}',NULL)
,(833,1,35,'{"texts":[{"la":"eu","text":"Bisbal del Penedès, La"},{"la":"ca","text":"Bisbal del Penedès, La"},{"la":"es","text":"Bisbal del Penedès, La"}]}',NULL)
,(834,1,35,'{"texts":[{"la":"eu","text":"Bonastre"},{"la":"ca","text":"Bonastre"},{"la":"es","text":"Bonastre"}]}',NULL)
,(835,1,35,'{"texts":[{"la":"eu","text":"Calafell"},{"la":"ca","text":"Calafell"},{"la":"es","text":"Calafell"}]}',NULL)
,(836,1,35,'{"texts":[{"la":"eu","text":"Cunit"},{"la":"ca","text":"Cunit"},{"la":"es","text":"Cunit"}]}',NULL)
,(837,1,35,'{"texts":[{"la":"eu","text":"Llorenç del Penedès"},{"la":"ca","text":"Llorenç del Penedès"},{"la":"es","text":"Llorenç del Penedès"}]}',NULL)
,(838,1,35,'{"texts":[{"la":"eu","text":"Masllorenç"},{"la":"ca","text":"Masllorenç"},{"la":"es","text":"Masllorenç"}]}',NULL)
,(839,1,35,'{"texts":[{"la":"eu","text":"Montmell, El"},{"la":"ca","text":"Montmell, El"},{"la":"es","text":"Montmell, El"}]}',NULL)
,(840,1,35,'{"texts":[{"la":"eu","text":"Sant Jaume dels Domenys"},{"la":"ca","text":"Sant Jaume dels Domenys"},{"la":"es","text":"Sant Jaume dels Domenys"}]}',NULL)
;
INSERT INTO town (ID,version,region_id,name,province_id) VALUES 
(841,1,35,'{"texts":[{"la":"eu","text":"Santa Oliva"},{"la":"ca","text":"Santa Oliva"},{"la":"es","text":"Santa Oliva"}]}',NULL)
,(842,1,35,'{"texts":[{"la":"eu","text":"Vendrell, El"},{"la":"ca","text":"Vendrell, El"},{"la":"es","text":"Vendrell, El"}]}',NULL)
,(843,1,36,'{"texts":[{"la":"eu","text":"Barberà de la Conca"},{"la":"ca","text":"Barberà de la Conca"},{"la":"es","text":"Barberà de la Conca"}]}',NULL)
,(844,1,36,'{"texts":[{"la":"eu","text":"Blancafort"},{"la":"ca","text":"Blancafort"},{"la":"es","text":"Blancafort"}]}',NULL)
,(845,1,36,'{"texts":[{"la":"eu","text":"Conesa"},{"la":"ca","text":"Conesa"},{"la":"es","text":"Conesa"}]}',NULL)
,(846,1,36,'{"texts":[{"la":"eu","text":"Espluga de Francolí, L''"},{"la":"ca","text":"Espluga de Francolí, L''"},{"la":"es","text":"Espluga de Francolí, L''"}]}',NULL)
,(847,1,36,'{"texts":[{"la":"eu","text":"Forès"},{"la":"ca","text":"Forès"},{"la":"es","text":"Forès"}]}',NULL)
,(848,1,36,'{"texts":[{"la":"eu","text":"Llorac"},{"la":"ca","text":"Llorac"},{"la":"es","text":"Llorac"}]}',NULL)
,(849,1,36,'{"texts":[{"la":"eu","text":"Montblanc"},{"la":"ca","text":"Montblanc"},{"la":"es","text":"Montblanc"}]}',NULL)
,(850,1,36,'{"texts":[{"la":"eu","text":"Passanant i Belltall"},{"la":"ca","text":"Passanant i Belltall"},{"la":"es","text":"Passanant i Belltall"}]}',NULL)
;
INSERT INTO town (ID,version,region_id,name,province_id) VALUES 
(851,1,36,'{"texts":[{"la":"eu","text":"Piles, Les"},{"la":"ca","text":"Piles, Les"},{"la":"es","text":"Piles, Les"}]}',NULL)
,(852,1,36,'{"texts":[{"la":"eu","text":"Pira"},{"la":"ca","text":"Pira"},{"la":"es","text":"Pira"}]}',NULL)
,(853,1,36,'{"texts":[{"la":"eu","text":"Pontils"},{"la":"ca","text":"Pontils"},{"la":"es","text":"Pontils"}]}',NULL)
,(854,1,36,'{"texts":[{"la":"eu","text":"Rocafort de Queralt"},{"la":"ca","text":"Rocafort de Queralt"},{"la":"es","text":"Rocafort de Queralt"}]}',NULL)
,(855,1,36,'{"texts":[{"la":"eu","text":"Santa Coloma de Queralt"},{"la":"ca","text":"Santa Coloma de Queralt"},{"la":"es","text":"Santa Coloma de Queralt"}]}',NULL)
,(856,1,36,'{"texts":[{"la":"eu","text":"Sarral"},{"la":"ca","text":"Sarral"},{"la":"es","text":"Sarral"}]}',NULL)
,(857,1,36,'{"texts":[{"la":"eu","text":"Savallà del Comtat"},{"la":"ca","text":"Savallà del Comtat"},{"la":"es","text":"Savallà del Comtat"}]}',NULL)
,(858,1,36,'{"texts":[{"la":"eu","text":"Senan"},{"la":"ca","text":"Senan"},{"la":"es","text":"Senan"}]}',NULL)
,(859,1,36,'{"texts":[{"la":"eu","text":"Solivella"},{"la":"ca","text":"Solivella"},{"la":"es","text":"Solivella"}]}',NULL)
,(860,1,36,'{"texts":[{"la":"eu","text":"Vallclara"},{"la":"ca","text":"Vallclara"},{"la":"es","text":"Vallclara"}]}',NULL)
;
INSERT INTO town (ID,version,region_id,name,province_id) VALUES 
(861,1,36,'{"texts":[{"la":"eu","text":"Vallfogona de Riucorb"},{"la":"ca","text":"Vallfogona de Riucorb"},{"la":"es","text":"Vallfogona de Riucorb"}]}',NULL)
,(862,1,36,'{"texts":[{"la":"eu","text":"Vilanova de Prades"},{"la":"ca","text":"Vilanova de Prades"},{"la":"es","text":"Vilanova de Prades"}]}',NULL)
,(863,1,36,'{"texts":[{"la":"eu","text":"Vilaverd"},{"la":"ca","text":"Vilaverd"},{"la":"es","text":"Vilaverd"}]}',NULL)
,(864,1,36,'{"texts":[{"la":"eu","text":"Vimbodí i Poblet"},{"la":"ca","text":"Vimbodí i Poblet"},{"la":"es","text":"Vimbodí i Poblet"}]}',NULL)
,(865,1,37,'{"texts":[{"la":"eu","text":"Alcanar"},{"la":"ca","text":"Alcanar"},{"la":"es","text":"Alcanar"}]}',NULL)
,(866,1,37,'{"texts":[{"la":"eu","text":"Amposta"},{"la":"ca","text":"Amposta"},{"la":"es","text":"Amposta"}]}',NULL)
,(867,1,37,'{"texts":[{"la":"eu","text":"Freginals"},{"la":"ca","text":"Freginals"},{"la":"es","text":"Freginals"}]}',NULL)
,(868,1,37,'{"texts":[{"la":"eu","text":"Godall"},{"la":"ca","text":"Godall"},{"la":"es","text":"Godall"}]}',NULL)
,(869,1,37,'{"texts":[{"la":"eu","text":"Galera, La"},{"la":"ca","text":"Galera, La"},{"la":"es","text":"Galera, La"}]}',NULL)
,(870,1,37,'{"texts":[{"la":"eu","text":"Sénia, La"},{"la":"ca","text":"Sénia, La"},{"la":"es","text":"Sénia, La"}]}',NULL)
;
INSERT INTO town (ID,version,region_id,name,province_id) VALUES 
(871,1,37,'{"texts":[{"la":"eu","text":"Mas de Barberans"},{"la":"ca","text":"Mas de Barberans"},{"la":"es","text":"Mas de Barberans"}]}',NULL)
,(872,1,37,'{"texts":[{"la":"eu","text":"Masdenverge"},{"la":"ca","text":"Masdenverge"},{"la":"es","text":"Masdenverge"}]}',NULL)
,(873,1,37,'{"texts":[{"la":"eu","text":"Sant Carles de la Ràpita"},{"la":"ca","text":"Sant Carles de la Ràpita"},{"la":"es","text":"Sant Carles de la Ràpita"}]}',NULL)
,(874,1,37,'{"texts":[{"la":"eu","text":"Sant Jaume d''Enveja"},{"la":"ca","text":"Sant Jaume d''Enveja"},{"la":"es","text":"Sant Jaume d''Enveja"}]}',NULL)
,(875,1,37,'{"texts":[{"la":"eu","text":"Santa Bàrbara"},{"la":"ca","text":"Santa Bàrbara"},{"la":"es","text":"Santa Bàrbara"}]}',NULL)
,(876,1,37,'{"texts":[{"la":"eu","text":"Ulldecona"},{"la":"ca","text":"Ulldecona"},{"la":"es","text":"Ulldecona"}]}',NULL)
,(877,1,38,'{"texts":[{"la":"eu","text":"Bellmunt del Priorat"},{"la":"ca","text":"Bellmunt del Priorat"},{"la":"es","text":"Bellmunt del Priorat"}]}',NULL)
,(878,1,38,'{"texts":[{"la":"eu","text":"Bisbal de Falset, La"},{"la":"ca","text":"Bisbal de Falset, La"},{"la":"es","text":"Bisbal de Falset, La"}]}',NULL)
,(879,1,38,'{"texts":[{"la":"eu","text":"Cabacés"},{"la":"ca","text":"Cabacés"},{"la":"es","text":"Cabacés"}]}',NULL)
,(880,1,38,'{"texts":[{"la":"eu","text":"Capçanes"},{"la":"ca","text":"Capçanes"},{"la":"es","text":"Capçanes"}]}',NULL)
;
INSERT INTO town (ID,version,region_id,name,province_id) VALUES 
(881,1,38,'{"texts":[{"la":"eu","text":"Cornudella de Montsant"},{"la":"ca","text":"Cornudella de Montsant"},{"la":"es","text":"Cornudella de Montsant"}]}',NULL)
,(882,1,38,'{"texts":[{"la":"eu","text":"Falset"},{"la":"ca","text":"Falset"},{"la":"es","text":"Falset"}]}',NULL)
,(883,1,38,'{"texts":[{"la":"eu","text":"Figuera, La"},{"la":"ca","text":"Figuera, La"},{"la":"es","text":"Figuera, La"}]}',NULL)
,(884,1,38,'{"texts":[{"la":"eu","text":"Gratallops"},{"la":"ca","text":"Gratallops"},{"la":"es","text":"Gratallops"}]}',NULL)
,(885,1,38,'{"texts":[{"la":"eu","text":"Guiamets, Els"},{"la":"ca","text":"Guiamets, Els"},{"la":"es","text":"Guiamets, Els"}]}',NULL)
,(886,1,38,'{"texts":[{"la":"eu","text":"Lloar, El"},{"la":"ca","text":"Lloar, El"},{"la":"es","text":"Lloar, El"}]}',NULL)
,(887,1,38,'{"texts":[{"la":"eu","text":"Marçà"},{"la":"ca","text":"Marçà"},{"la":"es","text":"Marçà"}]}',NULL)
,(888,1,38,'{"texts":[{"la":"eu","text":"Margalef"},{"la":"ca","text":"Margalef"},{"la":"es","text":"Margalef"}]}',NULL)
,(889,1,38,'{"texts":[{"la":"eu","text":"Masroig, El"},{"la":"ca","text":"Masroig, El"},{"la":"es","text":"Masroig, El"}]}',NULL)
,(890,1,38,'{"texts":[{"la":"eu","text":"Molar, El"},{"la":"ca","text":"Molar, El"},{"la":"es","text":"Molar, El"}]}',NULL)
;
INSERT INTO town (ID,version,region_id,name,province_id) VALUES 
(891,1,38,'{"texts":[{"la":"eu","text":"Morera de Montsant, La"},{"la":"ca","text":"Morera de Montsant, La"},{"la":"es","text":"Morera de Montsant, La"}]}',NULL)
,(892,1,38,'{"texts":[{"la":"eu","text":"Poboleda"},{"la":"ca","text":"Poboleda"},{"la":"es","text":"Poboleda"}]}',NULL)
,(893,1,38,'{"texts":[{"la":"eu","text":"Porrera"},{"la":"ca","text":"Porrera"},{"la":"es","text":"Porrera"}]}',NULL)
,(894,1,38,'{"texts":[{"la":"eu","text":"Pradell de la Teixeta"},{"la":"ca","text":"Pradell de la Teixeta"},{"la":"es","text":"Pradell de la Teixeta"}]}',NULL)
,(895,1,38,'{"texts":[{"la":"eu","text":"Torre de Fontaubella, La"},{"la":"ca","text":"Torre de Fontaubella, La"},{"la":"es","text":"Torre de Fontaubella, La"}]}',NULL)
,(896,1,38,'{"texts":[{"la":"eu","text":"Torroja de Priorat"},{"la":"ca","text":"Torroja de Priorat"},{"la":"es","text":"Torroja de Priorat"}]}',NULL)
,(897,1,38,'{"texts":[{"la":"eu","text":"Ulldemolins"},{"la":"ca","text":"Ulldemolins"},{"la":"es","text":"Ulldemolins"}]}',NULL)
,(898,1,38,'{"texts":[{"la":"eu","text":"Vilella Alta, La"},{"la":"ca","text":"Vilella Alta, La"},{"la":"es","text":"Vilella Alta, La"}]}',NULL)
,(899,1,38,'{"texts":[{"la":"eu","text":"Vilella Baixa, La"},{"la":"ca","text":"Vilella Baixa, La"},{"la":"es","text":"Vilella Baixa, La"}]}',NULL)
,(900,1,39,'{"texts":[{"la":"eu","text":"Ascó"},{"la":"ca","text":"Ascó"},{"la":"es","text":"Ascó"}]}',NULL)
;
INSERT INTO town (ID,version,region_id,name,province_id) VALUES 
(901,1,39,'{"texts":[{"la":"eu","text":"Benissanet"},{"la":"ca","text":"Benissanet"},{"la":"es","text":"Benissanet"}]}',NULL)
,(902,1,39,'{"texts":[{"la":"eu","text":"Flix"},{"la":"ca","text":"Flix"},{"la":"es","text":"Flix"}]}',NULL)
,(903,1,39,'{"texts":[{"la":"eu","text":"Garcia"},{"la":"ca","text":"Garcia"},{"la":"es","text":"Garcia"}]}',NULL)
,(904,1,39,'{"texts":[{"la":"eu","text":"Ginestar"},{"la":"ca","text":"Ginestar"},{"la":"es","text":"Ginestar"}]}',NULL)
,(905,1,39,'{"texts":[{"la":"eu","text":"Miravet"},{"la":"ca","text":"Miravet"},{"la":"es","text":"Miravet"}]}',NULL)
,(906,1,39,'{"texts":[{"la":"eu","text":"Móra d''Ebre"},{"la":"ca","text":"Móra d''Ebre"},{"la":"es","text":"Móra d''Ebre"}]}',NULL)
,(907,1,39,'{"texts":[{"la":"eu","text":"Móra la Nova"},{"la":"ca","text":"Móra la Nova"},{"la":"es","text":"Móra la Nova"}]}',NULL)
,(908,1,39,'{"texts":[{"la":"eu","text":"Palma d''Ebre, La"},{"la":"ca","text":"Palma d''Ebre, La"},{"la":"es","text":"Palma d''Ebre, La"}]}',NULL)
,(909,1,39,'{"texts":[{"la":"eu","text":"Rasquera"},{"la":"ca","text":"Rasquera"},{"la":"es","text":"Rasquera"}]}',NULL)
,(910,1,39,'{"texts":[{"la":"eu","text":"Riba-roja d''Ebre"},{"la":"ca","text":"Riba-roja d''Ebre"},{"la":"es","text":"Riba-roja d''Ebre"}]}',NULL)
;
INSERT INTO town (ID,version,region_id,name,province_id) VALUES 
(911,1,39,'{"texts":[{"la":"eu","text":"Tivissa"},{"la":"ca","text":"Tivissa"},{"la":"es","text":"Tivissa"}]}',NULL)
,(912,1,39,'{"texts":[{"la":"eu","text":"Torre de l''Espanyol, La"},{"la":"ca","text":"Torre de l''Espanyol, La"},{"la":"es","text":"Torre de l''Espanyol, La"}]}',NULL)
,(913,1,39,'{"texts":[{"la":"eu","text":"Vinebre"},{"la":"ca","text":"Vinebre"},{"la":"es","text":"Vinebre"}]}',NULL)
,(914,1,40,'{"texts":[{"la":"eu","text":"Altafulla"},{"la":"ca","text":"Altafulla"},{"la":"es","text":"Altafulla"}]}',NULL)
,(915,1,40,'{"texts":[{"la":"eu","text":"Constantí"},{"la":"ca","text":"Constantí"},{"la":"es","text":"Constantí"}]}',NULL)
,(916,1,40,'{"texts":[{"la":"eu","text":"Creixell"},{"la":"ca","text":"Creixell"},{"la":"es","text":"Creixell"}]}',NULL)
,(917,1,40,'{"texts":[{"la":"eu","text":"Catllar, El"},{"la":"ca","text":"Catllar, El"},{"la":"es","text":"Catllar, El"}]}',NULL)
,(918,1,40,'{"texts":[{"la":"eu","text":"Morell, El"},{"la":"ca","text":"Morell, El"},{"la":"es","text":"Morell, El"}]}',NULL)
,(919,1,40,'{"texts":[{"la":"eu","text":"Pallaresos, Els"},{"la":"ca","text":"Pallaresos, Els"},{"la":"es","text":"Pallaresos, Els"}]}',NULL)
,(920,1,40,'{"texts":[{"la":"eu","text":"Canonja, La"},{"la":"ca","text":"Canonja, La"},{"la":"es","text":"Canonja, La"}]}',NULL)
;
INSERT INTO town (ID,version,region_id,name,province_id) VALUES 
(921,1,40,'{"texts":[{"la":"eu","text":"Nou de Gaià, La"},{"la":"ca","text":"Nou de Gaià, La"},{"la":"es","text":"Nou de Gaià, La"}]}',NULL)
,(922,1,40,'{"texts":[{"la":"eu","text":"Pobla de Mafumet, La"},{"la":"ca","text":"Pobla de Mafumet, La"},{"la":"es","text":"Pobla de Mafumet, La"}]}',NULL)
,(923,1,40,'{"texts":[{"la":"eu","text":"Pobla de Montornès, La"},{"la":"ca","text":"Pobla de Montornès, La"},{"la":"es","text":"Pobla de Montornès, La"}]}',NULL)
,(924,1,40,'{"texts":[{"la":"eu","text":"Riera de Gaià, La"},{"la":"ca","text":"Riera de Gaià, La"},{"la":"es","text":"Riera de Gaià, La"}]}',NULL)
,(925,1,40,'{"texts":[{"la":"eu","text":"Secuita, La"},{"la":"ca","text":"Secuita, La"},{"la":"es","text":"Secuita, La"}]}',NULL)
,(926,1,40,'{"texts":[{"la":"eu","text":"Perafort"},{"la":"ca","text":"Perafort"},{"la":"es","text":"Perafort"}]}',NULL)
,(927,1,40,'{"texts":[{"la":"eu","text":"Renau"},{"la":"ca","text":"Renau"},{"la":"es","text":"Renau"}]}',NULL)
,(928,1,40,'{"texts":[{"la":"eu","text":"Roda de Barà"},{"la":"ca","text":"Roda de Barà"},{"la":"es","text":"Roda de Barà"}]}',NULL)
,(929,1,40,'{"texts":[{"la":"eu","text":"Salomó"},{"la":"ca","text":"Salomó"},{"la":"es","text":"Salomó"}]}',NULL)
,(930,1,40,'{"texts":[{"la":"eu","text":"Salou"},{"la":"ca","text":"Salou"},{"la":"es","text":"Salou"}]}',NULL)
;
INSERT INTO town (ID,version,region_id,name,province_id) VALUES 
(931,1,40,'{"texts":[{"la":"eu","text":"Tarragona"},{"la":"ca","text":"Tarragona"},{"la":"es","text":"Tarragona"}]}',NULL)
,(932,1,40,'{"texts":[{"la":"eu","text":"Torredembarra"},{"la":"ca","text":"Torredembarra"},{"la":"es","text":"Torredembarra"}]}',NULL)
,(933,1,40,'{"texts":[{"la":"eu","text":"Vespella de Gaià"},{"la":"ca","text":"Vespella de Gaià"},{"la":"es","text":"Vespella de Gaià"}]}',NULL)
,(934,1,40,'{"texts":[{"la":"eu","text":"Vila-seca"},{"la":"ca","text":"Vila-seca"},{"la":"es","text":"Vila-seca"}]}',NULL)
,(935,1,40,'{"texts":[{"la":"eu","text":"Vilallonga del Camp"},{"la":"ca","text":"Vilallonga del Camp"},{"la":"es","text":"Vilallonga del Camp"}]}',NULL)
,(936,1,41,'{"texts":[{"la":"eu","text":"Arnes"},{"la":"ca","text":"Arnes"},{"la":"es","text":"Arnes"}]}',NULL)
,(937,1,41,'{"texts":[{"la":"eu","text":"Batea"},{"la":"ca","text":"Batea"},{"la":"es","text":"Batea"}]}',NULL)
,(938,1,41,'{"texts":[{"la":"eu","text":"Bot"},{"la":"ca","text":"Bot"},{"la":"es","text":"Bot"}]}',NULL)
,(939,1,41,'{"texts":[{"la":"eu","text":"Caseres"},{"la":"ca","text":"Caseres"},{"la":"es","text":"Caseres"}]}',NULL)
,(940,1,41,'{"texts":[{"la":"eu","text":"Corbera d''Ebre"},{"la":"ca","text":"Corbera d''Ebre"},{"la":"es","text":"Corbera d''Ebre"}]}',NULL)
;
INSERT INTO town (ID,version,region_id,name,province_id) VALUES 
(941,1,41,'{"texts":[{"la":"eu","text":"Pinell de Brai, El"},{"la":"ca","text":"Pinell de Brai, El"},{"la":"es","text":"Pinell de Brai, El"}]}',NULL)
,(942,1,41,'{"texts":[{"la":"eu","text":"Gandesa"},{"la":"ca","text":"Gandesa"},{"la":"es","text":"Gandesa"}]}',NULL)
,(943,1,41,'{"texts":[{"la":"eu","text":"Horta de Sant Joan"},{"la":"ca","text":"Horta de Sant Joan"},{"la":"es","text":"Horta de Sant Joan"}]}',NULL)
,(944,1,41,'{"texts":[{"la":"eu","text":"Fatarella, La"},{"la":"ca","text":"Fatarella, La"},{"la":"es","text":"Fatarella, La"}]}',NULL)
,(945,1,41,'{"texts":[{"la":"eu","text":"Pobla de Massaluca, La"},{"la":"ca","text":"Pobla de Massaluca, La"},{"la":"es","text":"Pobla de Massaluca, La"}]}',NULL)
,(946,1,41,'{"texts":[{"la":"eu","text":"Prat de Comte"},{"la":"ca","text":"Prat de Comte"},{"la":"es","text":"Prat de Comte"}]}',NULL)
,(947,1,41,'{"texts":[{"la":"eu","text":"Vilalba dels Arcs"},{"la":"ca","text":"Vilalba dels Arcs"},{"la":"es","text":"Vilalba dels Arcs"}]}',NULL)
;